ID_Vehicle,type,capacity,capacity_unit,consumption_rate,consumption_rate_unit,charge_efficiency,charge_power_max,charge_power_max_unit,discharge_efficiency,discharge_power_max,discharge_power_max_unit,charge_bidirectional,id_parking_at_home_profile,id_distance_profile
199870651,electricity,100000,Wh,203,Wh/km,0.95,6130,W,0.9,6130,W,0,199870651,199870651
199870711,electricity,69000,Wh,188,Wh/km,0.95,6130,W,0.9,6130,W,0,199870711,199870711
199870771,electricity,69000,Wh,188,Wh/km,0.95,6130,W,0.9,6130,W,0,199870771,199870771
199870772,electricity,38000,Wh,153,Wh/km,0.95,6130,W,0.9,6130,W,0,199870772,199870772
199870851,electricity,38000,Wh,153,Wh/km,0.95,6130,W,0.9,6130,W,0,199870851,199870851
199871011,electricity,69000,Wh,188,Wh/km,0.95,6130,W,0.9,6130,W,0,199871011,199871011
199871171,electricity,100000,Wh,203,Wh/km,0.95,6130,W,0.9,6130,W,0,199871171,199871171
199871431,electricity,69000,Wh,188,Wh/km,0.95,6130,W,0.9,6130,W,0,199871431,199871431
199871432,electricity,38000,Wh,153,Wh/km,0.95,6130,W,0.9,6130,W,0,199871432,199871432
199871452,electricity,38000,Wh,153,Wh/km,0.95,6130,W,0.9,6130,W,0,199871452,199871452
199871591,electricity,69000,Wh,188,Wh/km,0.95,6130,W,0.9,6130,W,0,199871591,199871591
199871711,electricity,69000,Wh,188,Wh/km,0.95,6130,W,0.9,6130,W,0,199871711,199871711
199871811,electricity,69000,Wh,188,Wh/km,0.95,6130,W,0.9,6130,W,0,199871811,199871811
199871851,electricity,69000,Wh,188,Wh/km,0.95,6130,W,0.9,6130,W,0,199871851,199871851
199871871,electricity,69000,Wh,188,Wh/km,0.95,6130,W,0.9,6130,W,0,199871871,199871871
199871872,electricity,38000,Wh,153,Wh/km,0.95,6130,W,0.9,6130,W,0,199871872,199871872
199872011,electricity,38000,Wh,153,Wh/km,0.95,6130,W,0.9,6130,W,0,199872011,199872011
199872091,electricity,69000,Wh,188,Wh/km,0.95,6130,W,0.9,6130,W,0,199872091,199872091
199872211,electricity,100000,Wh,203,Wh/km,0.95,6130,W,0.9,6130,W,0,199872211,199872211
199872231,electricity,100000,Wh,203,Wh/km,0.95,6130,W,0.9,6130,W,0,199872231,199872231
199872311,electricity,69000,Wh,188,Wh/km,0.95,6130,W,0.9,6130,W,0,199872311,199872311
199872491,electricity,100000,Wh,203,Wh/km,0.95,6130,W,0.9,6130,W,0,199872491,199872491
199872492,electricity,38000,Wh,153,Wh/km,0.95,6130,W,0.9,6130,W,0,199872492,199872492
199872511,electricity,69000,Wh,188,Wh/km,0.95,6130,W,0.9,6130,W,0,199872511,199872511
199872512,electricity,38000,Wh,153,Wh/km,0.95,6130,W,0.9,6130,W,0,199872512,199872512
199872531,electricity,69000,Wh,188,Wh/km,0.95,6130,W,0.9,6130,W,0,199872531,199872531
199872591,electricity,38000,Wh,153,Wh/km,0.95,6130,W,0.9,6130,W,0,199872591,199872591
199872712,electricity,38000,Wh,153,Wh/km,0.95,6130,W,0.9,6130,W,0,199872712,199872712
199872771,electricity,69000,Wh,188,Wh/km,0.95,6130,W,0.9,6130,W,0,199872771,199872771
199872931,electricity,38000,Wh,153,Wh/km,0.95,6130,W,0.9,6130,W,0,199872931,199872931
199872991,electricity,69000,Wh,188,Wh/km,0.95,6130,W,0.9,6130,W,0,199872991,199872991
199872992,electricity,69000,Wh,188,Wh/km,0.95,6130,W,0.9,6130,W,0,199872992,199872992
199873011,electricity,38000,Wh,153,Wh/km,0.95,6130,W,0.9,6130,W,0,199873011,199873011
199873111,electricity,69000,Wh,188,Wh/km,0.95,6130,W,0.9,6130,W,0,199873111,199873111
199873112,electricity,38000,Wh,153,Wh/km,0.95,6130,W,0.9,6130,W,0,199873112,199873112
199873211,electricity,69000,Wh,188,Wh/km,0.95,6130,W,0.9,6130,W,0,199873211,199873211
199873231,electricity,69000,Wh,188,Wh/km,0.95,6130,W,0.9,6130,W,0,199873231,199873231
199873251,electricity,69000,Wh,188,Wh/km,0.95,6130,W,0.9,6130,W,0,199873251,199873251
199873351,electricity,69000,Wh,188,Wh/km,0.95,6130,W,0.9,6130,W,0,199873351,199873351
199873551,electricity,69000,Wh,188,Wh/km,0.95,6130,W,0.9,6130,W,0,199873551,199873551
199873711,electricity,69000,Wh,188,Wh/km,0.95,6130,W,0.9,6130,W,0,199873711,199873711
199873872,electricity,38000,Wh,153,Wh/km,0.95,6130,W,0.9,6130,W,0,199873872,199873872
199873891,electricity,69000,Wh,188,Wh/km,0.95,6130,W,0.9,6130,W,0,199873891,199873891
199873991,electricity,69000,Wh,188,Wh/km,0.95,6130,W,0.9,6130,W,0,199873991,199873991
199874091,electricity,38000,Wh,153,Wh/km,0.95,6130,W,0.9,6130,W,0,199874091,199874091
199874191,electricity,69000,Wh,188,Wh/km,0.95,6130,W,0.9,6130,W,0,199874191,199874191
199874231,electricity,69000,Wh,188,Wh/km,0.95,6130,W,0.9,6130,W,0,199874231,199874231
199874311,electricity,38000,Wh,153,Wh/km,0.95,6130,W,0.9,6130,W,0,199874311,199874311
199874312,electricity,69000,Wh,188,Wh/km,0.95,6130,W,0.9,6130,W,0,199874312,199874312
199874451,electricity,69000,Wh,188,Wh/km,0.95,6130,W,0.9,6130,W,0,199874451,199874451
199874452,electricity,69000,Wh,188,Wh/km,0.95,6130,W,0.9,6130,W,0,199874452,199874452
199874631,electricity,100000,Wh,203,Wh/km,0.95,6130,W,0.9,6130,W,0,199874631,199874631
199874691,electricity,69000,Wh,188,Wh/km,0.95,6130,W,0.9,6130,W,0,199874691,199874691
199874751,electricity,100000,Wh,203,Wh/km,0.95,6130,W,0.9,6130,W,0,199874751,199874751
199874851,electricity,38000,Wh,153,Wh/km,0.95,6130,W,0.9,6130,W,0,199874851,199874851
199874871,electricity,100000,Wh,203,Wh/km,0.95,6130,W,0.9,6130,W,0,199874871,199874871
199874971,electricity,69000,Wh,188,Wh/km,0.95,6130,W,0.9,6130,W,0,199874971,199874971
199875051,electricity,69000,Wh,188,Wh/km,0.95,6130,W,0.9,6130,W,0,199875051,199875051
199875052,electricity,38000,Wh,153,Wh/km,0.95,6130,W,0.9,6130,W,0,199875052,199875052
199875053,electricity,38000,Wh,153,Wh/km,0.95,6130,W,0.9,6130,W,0,199875053,199875053
199875191,electricity,69000,Wh,188,Wh/km,0.95,6130,W,0.9,6130,W,0,199875191,199875191
199875271,electricity,69000,Wh,188,Wh/km,0.95,6130,W,0.9,6130,W,0,199875271,199875271
199875451,electricity,38000,Wh,153,Wh/km,0.95,6130,W,0.9,6130,W,0,199875451,199875451
199875871,electricity,69000,Wh,188,Wh/km,0.95,6130,W,0.9,6130,W,0,199875871,199875871
199876131,electricity,100000,Wh,203,Wh/km,0.95,6130,W,0.9,6130,W,0,199876131,199876131
199876311,electricity,69000,Wh,188,Wh/km,0.95,6130,W,0.9,6130,W,0,199876311,199876311
199876371,electricity,100000,Wh,203,Wh/km,0.95,6130,W,0.9,6130,W,0,199876371,199876371
199876431,electricity,100000,Wh,203,Wh/km,0.95,6130,W,0.9,6130,W,0,199876431,199876431
199876432,electricity,69000,Wh,188,Wh/km,0.95,6130,W,0.9,6130,W,0,199876432,199876432
199876511,electricity,69000,Wh,188,Wh/km,0.95,6130,W,0.9,6130,W,0,199876511,199876511
199876591,electricity,69000,Wh,188,Wh/km,0.95,6130,W,0.9,6130,W,0,199876591,199876591
199876791,electricity,69000,Wh,188,Wh/km,0.95,6130,W,0.9,6130,W,0,199876791,199876791
199876871,electricity,69000,Wh,188,Wh/km,0.95,6130,W,0.9,6130,W,0,199876871,199876871
199876891,electricity,69000,Wh,188,Wh/km,0.95,6130,W,0.9,6130,W,0,199876891,199876891
199877131,electricity,69000,Wh,188,Wh/km,0.95,6130,W,0.9,6130,W,0,199877131,199877131
199960411,electricity,100000,Wh,203,Wh/km,0.95,6130,W,0.9,6130,W,0,199960411,199960411
199960711,electricity,100000,Wh,203,Wh/km,0.95,6130,W,0.9,6130,W,0,199960711,199960711
199960712,electricity,69000,Wh,188,Wh/km,0.95,6130,W,0.9,6130,W,0,199960712,199960712
199960732,electricity,69000,Wh,188,Wh/km,0.95,6130,W,0.9,6130,W,0,199960732,199960732
199960791,electricity,100000,Wh,203,Wh/km,0.95,6130,W,0.9,6130,W,0,199960791,199960791
199960911,electricity,69000,Wh,188,Wh/km,0.95,6130,W,0.9,6130,W,0,199960911,199960911
199960971,electricity,69000,Wh,188,Wh/km,0.95,6130,W,0.9,6130,W,0,199960971,199960971
199961731,electricity,69000,Wh,188,Wh/km,0.95,6130,W,0.9,6130,W,0,199961731,199961731
199961751,electricity,100000,Wh,203,Wh/km,0.95,6130,W,0.9,6130,W,0,199961751,199961751
199961851,electricity,69000,Wh,188,Wh/km,0.95,6130,W,0.9,6130,W,0,199961851,199961851
199961931,electricity,69000,Wh,188,Wh/km,0.95,6130,W,0.9,6130,W,0,199961931,199961931
199962131,electricity,69000,Wh,188,Wh/km,0.95,6130,W,0.9,6130,W,0,199962131,199962131
199962211,electricity,100000,Wh,203,Wh/km,0.95,6130,W,0.9,6130,W,0,199962211,199962211
199962331,electricity,69000,Wh,188,Wh/km,0.95,6130,W,0.9,6130,W,0,199962331,199962331
199962332,electricity,38000,Wh,153,Wh/km,0.95,6130,W,0.9,6130,W,0,199962332,199962332
199962431,electricity,38000,Wh,153,Wh/km,0.95,6130,W,0.9,6130,W,0,199962431,199962431
199962711,electricity,69000,Wh,188,Wh/km,0.95,6130,W,0.9,6130,W,0,199962711,199962711
199962831,electricity,69000,Wh,188,Wh/km,0.95,6130,W,0.9,6130,W,0,199962831,199962831
199962832,electricity,69000,Wh,188,Wh/km,0.95,6130,W,0.9,6130,W,0,199962832,199962832
199962871,electricity,69000,Wh,188,Wh/km,0.95,6130,W,0.9,6130,W,0,199962871,199962871
199962911,electricity,100000,Wh,203,Wh/km,0.95,6130,W,0.9,6130,W,0,199962911,199962911
199962912,electricity,100000,Wh,203,Wh/km,0.95,6130,W,0.9,6130,W,0,199962912,199962912
199962931,electricity,69000,Wh,188,Wh/km,0.95,6130,W,0.9,6130,W,0,199962931,199962931
199962932,electricity,38000,Wh,153,Wh/km,0.95,6130,W,0.9,6130,W,0,199962932,199962932
199963591,electricity,38000,Wh,153,Wh/km,0.95,6130,W,0.9,6130,W,0,199963591,199963591
199963871,electricity,38000,Wh,153,Wh/km,0.95,6130,W,0.9,6130,W,0,199963871,199963871
199963911,electricity,38000,Wh,153,Wh/km,0.95,6130,W,0.9,6130,W,0,199963911,199963911
199963971,electricity,38000,Wh,153,Wh/km,0.95,6130,W,0.9,6130,W,0,199963971,199963971
199964011,electricity,38000,Wh,153,Wh/km,0.95,6130,W,0.9,6130,W,0,199964011,199964011
199964031,electricity,69000,Wh,188,Wh/km,0.95,6130,W,0.9,6130,W,0,199964031,199964031
199964032,electricity,38000,Wh,153,Wh/km,0.95,6130,W,0.9,6130,W,0,199964032,199964032
199964051,electricity,69000,Wh,188,Wh/km,0.95,6130,W,0.9,6130,W,0,199964051,199964051
199964191,electricity,69000,Wh,188,Wh/km,0.95,6130,W,0.9,6130,W,0,199964191,199964191
199964192,electricity,38000,Wh,153,Wh/km,0.95,6130,W,0.9,6130,W,0,199964192,199964192
199964291,electricity,69000,Wh,188,Wh/km,0.95,6130,W,0.9,6130,W,0,199964291,199964291
199964431,electricity,69000,Wh,188,Wh/km,0.95,6130,W,0.9,6130,W,0,199964431,199964431
199964751,electricity,100000,Wh,203,Wh/km,0.95,6130,W,0.9,6130,W,0,199964751,199964751
199964991,electricity,100000,Wh,203,Wh/km,0.95,6130,W,0.9,6130,W,0,199964991,199964991
199965111,electricity,100000,Wh,203,Wh/km,0.95,6130,W,0.9,6130,W,0,199965111,199965111
199965471,electricity,38000,Wh,153,Wh/km,0.95,6130,W,0.9,6130,W,0,199965471,199965471
199966011,electricity,69000,Wh,188,Wh/km,0.95,6130,W,0.9,6130,W,0,199966011,199966011
199966231,electricity,69000,Wh,188,Wh/km,0.95,6130,W,0.9,6130,W,0,199966231,199966231
199966232,electricity,38000,Wh,153,Wh/km,0.95,6130,W,0.9,6130,W,0,199966232,199966232
199970131,electricity,69000,Wh,188,Wh/km,0.95,6130,W,0.9,6130,W,0,199970131,199970131
199970371,electricity,38000,Wh,153,Wh/km,0.95,6130,W,0.9,6130,W,0,199970371,199970371
199970471,electricity,69000,Wh,188,Wh/km,0.95,6130,W,0.9,6130,W,0,199970471,199970471
199970531,electricity,100000,Wh,203,Wh/km,0.95,6130,W,0.9,6130,W,0,199970531,199970531
199970651,electricity,100000,Wh,203,Wh/km,0.95,6130,W,0.9,6130,W,0,199970651,199970651
199970711,electricity,69000,Wh,188,Wh/km,0.95,6130,W,0.9,6130,W,0,199970711,199970711
199970772,electricity,38000,Wh,153,Wh/km,0.95,6130,W,0.9,6130,W,0,199970772,199970772
199971011,electricity,69000,Wh,188,Wh/km,0.95,6130,W,0.9,6130,W,0,199971011,199971011
199971171,electricity,100000,Wh,203,Wh/km,0.95,6130,W,0.9,6130,W,0,199971171,199971171
199971431,electricity,69000,Wh,188,Wh/km,0.95,6130,W,0.9,6130,W,0,199971431,199971431
199971432,electricity,38000,Wh,153,Wh/km,0.95,6130,W,0.9,6130,W,0,199971432,199971432
199971491,electricity,38000,Wh,153,Wh/km,0.95,6130,W,0.9,6130,W,0,199971491,199971491
199971591,electricity,69000,Wh,188,Wh/km,0.95,6130,W,0.9,6130,W,0,199971591,199971591
199971711,electricity,69000,Wh,188,Wh/km,0.95,6130,W,0.9,6130,W,0,199971711,199971711
199971712,electricity,69000,Wh,188,Wh/km,0.95,6130,W,0.9,6130,W,0,199971712,199971712
199971871,electricity,69000,Wh,188,Wh/km,0.95,6130,W,0.9,6130,W,0,199971871,199971871
199971872,electricity,38000,Wh,153,Wh/km,0.95,6130,W,0.9,6130,W,0,199971872,199971872
199971992,electricity,38000,Wh,153,Wh/km,0.95,6130,W,0.9,6130,W,0,199971992,199971992
199972011,electricity,38000,Wh,153,Wh/km,0.95,6130,W,0.9,6130,W,0,199972011,199972011
199972491,electricity,100000,Wh,203,Wh/km,0.95,6130,W,0.9,6130,W,0,199972491,199972491
199972492,electricity,38000,Wh,153,Wh/km,0.95,6130,W,0.9,6130,W,0,199972492,199972492
199972771,electricity,69000,Wh,188,Wh/km,0.95,6130,W,0.9,6130,W,0,199972771,199972771
199973111,electricity,69000,Wh,188,Wh/km,0.95,6130,W,0.9,6130,W,0,199973111,199973111
199973112,electricity,38000,Wh,153,Wh/km,0.95,6130,W,0.9,6130,W,0,199973112,199973112
199973211,electricity,69000,Wh,188,Wh/km,0.95,6130,W,0.9,6130,W,0,199973211,199973211
199973351,electricity,69000,Wh,188,Wh/km,0.95,6130,W,0.9,6130,W,0,199973351,199973351
199973352,electricity,69000,Wh,188,Wh/km,0.95,6130,W,0.9,6130,W,0,199973352,199973352
199973551,electricity,69000,Wh,188,Wh/km,0.95,6130,W,0.9,6130,W,0,199973551,199973551
199973872,electricity,69000,Wh,188,Wh/km,0.95,6130,W,0.9,6130,W,0,199973872,199973872
199973891,electricity,69000,Wh,188,Wh/km,0.95,6130,W,0.9,6130,W,0,199973891,199973891
199973991,electricity,69000,Wh,188,Wh/km,0.95,6130,W,0.9,6130,W,0,199973991,199973991
199974091,electricity,38000,Wh,153,Wh/km,0.95,6130,W,0.9,6130,W,0,199974091,199974091
199974191,electricity,100000,Wh,203,Wh/km,0.95,6130,W,0.9,6130,W,0,199974191,199974191
199974231,electricity,69000,Wh,188,Wh/km,0.95,6130,W,0.9,6130,W,0,199974231,199974231
199974311,electricity,69000,Wh,188,Wh/km,0.95,6130,W,0.9,6130,W,0,199974311,199974311
199974312,electricity,38000,Wh,153,Wh/km,0.95,6130,W,0.9,6130,W,0,199974312,199974312
199974631,electricity,100000,Wh,203,Wh/km,0.95,6130,W,0.9,6130,W,0,199974631,199974631
199974691,electricity,69000,Wh,188,Wh/km,0.95,6130,W,0.9,6130,W,0,199974691,199974691
199974751,electricity,100000,Wh,203,Wh/km,0.95,6130,W,0.9,6130,W,0,199974751,199974751
199974851,electricity,38000,Wh,153,Wh/km,0.95,6130,W,0.9,6130,W,0,199974851,199974851
199974971,electricity,69000,Wh,188,Wh/km,0.95,6130,W,0.9,6130,W,0,199974971,199974971
199975051,electricity,69000,Wh,188,Wh/km,0.95,6130,W,0.9,6130,W,0,199975051,199975051
199975052,electricity,38000,Wh,153,Wh/km,0.95,6130,W,0.9,6130,W,0,199975052,199975052
199975191,electricity,69000,Wh,188,Wh/km,0.95,6130,W,0.9,6130,W,0,199975191,199975191
199975271,electricity,69000,Wh,188,Wh/km,0.95,6130,W,0.9,6130,W,0,199975271,199975271
199975451,electricity,38000,Wh,153,Wh/km,0.95,6130,W,0.9,6130,W,0,199975451,199975451
199975871,electricity,69000,Wh,188,Wh/km,0.95,6130,W,0.9,6130,W,0,199975871,199975871
199976311,electricity,69000,Wh,188,Wh/km,0.95,6130,W,0.9,6130,W,0,199976311,199976311
199976371,electricity,100000,Wh,203,Wh/km,0.95,6130,W,0.9,6130,W,0,199976371,199976371
199976791,electricity,69000,Wh,188,Wh/km,0.95,6130,W,0.9,6130,W,0,199976791,199976791
199976871,electricity,69000,Wh,188,Wh/km,0.95,6130,W,0.9,6130,W,0,199976871,199976871
199976931,electricity,69000,Wh,188,Wh/km,0.95,6130,W,0.9,6130,W,0,199976931,199976931
200070031,electricity,38000,Wh,153,Wh/km,0.95,6130,W,0.9,6130,W,0,200070031,200070031
200070091,electricity,38000,Wh,153,Wh/km,0.95,6130,W,0.9,6130,W,0,200070091,200070091
200070131,electricity,69000,Wh,188,Wh/km,0.95,6130,W,0.9,6130,W,0,200070131,200070131
200070371,electricity,69000,Wh,188,Wh/km,0.95,6130,W,0.9,6130,W,0,200070371,200070371
200070471,electricity,69000,Wh,188,Wh/km,0.95,6130,W,0.9,6130,W,0,200070471,200070471
200070472,electricity,38000,Wh,153,Wh/km,0.95,6130,W,0.9,6130,W,0,200070472,200070472
200070531,electricity,100000,Wh,203,Wh/km,0.95,6130,W,0.9,6130,W,0,200070531,200070531
200070711,electricity,69000,Wh,188,Wh/km,0.95,6130,W,0.9,6130,W,0,200070711,200070711
200070851,electricity,38000,Wh,153,Wh/km,0.95,6130,W,0.9,6130,W,0,200070851,200070851
200071171,electricity,100000,Wh,203,Wh/km,0.95,6130,W,0.9,6130,W,0,200071171,200071171
200071451,electricity,100000,Wh,203,Wh/km,0.95,6130,W,0.9,6130,W,0,200071451,200071451
200071452,electricity,38000,Wh,153,Wh/km,0.95,6130,W,0.9,6130,W,0,200071452,200071452
200071591,electricity,69000,Wh,188,Wh/km,0.95,6130,W,0.9,6130,W,0,200071591,200071591
200071711,electricity,69000,Wh,188,Wh/km,0.95,6130,W,0.9,6130,W,0,200071711,200071711
200071811,electricity,69000,Wh,188,Wh/km,0.95,6130,W,0.9,6130,W,0,200071811,200071811
200071851,electricity,100000,Wh,203,Wh/km,0.95,6130,W,0.9,6130,W,0,200071851,200071851
200071872,electricity,38000,Wh,153,Wh/km,0.95,6130,W,0.9,6130,W,0,200071872,200071872
200072011,electricity,38000,Wh,153,Wh/km,0.95,6130,W,0.9,6130,W,0,200072011,200072011
200072491,electricity,100000,Wh,203,Wh/km,0.95,6130,W,0.9,6130,W,0,200072491,200072491
200072492,electricity,38000,Wh,153,Wh/km,0.95,6130,W,0.9,6130,W,0,200072492,200072492
200072931,electricity,69000,Wh,188,Wh/km,0.95,6130,W,0.9,6130,W,0,200072931,200072931
200073211,electricity,69000,Wh,188,Wh/km,0.95,6130,W,0.9,6130,W,0,200073211,200073211
200073551,electricity,69000,Wh,188,Wh/km,0.95,6130,W,0.9,6130,W,0,200073551,200073551
200073711,electricity,69000,Wh,188,Wh/km,0.95,6130,W,0.9,6130,W,0,200073711,200073711
200073872,electricity,69000,Wh,188,Wh/km,0.95,6130,W,0.9,6130,W,0,200073872,200073872
200073991,electricity,69000,Wh,188,Wh/km,0.95,6130,W,0.9,6130,W,0,200073991,200073991
200074091,electricity,69000,Wh,188,Wh/km,0.95,6130,W,0.9,6130,W,0,200074091,200074091
200074191,electricity,100000,Wh,203,Wh/km,0.95,6130,W,0.9,6130,W,0,200074191,200074191
200074231,electricity,69000,Wh,188,Wh/km,0.95,6130,W,0.9,6130,W,0,200074231,200074231
200074751,electricity,100000,Wh,203,Wh/km,0.95,6130,W,0.9,6130,W,0,200074751,200074751
200074931,electricity,100000,Wh,203,Wh/km,0.95,6130,W,0.9,6130,W,0,200074931,200074931
200074971,electricity,69000,Wh,188,Wh/km,0.95,6130,W,0.9,6130,W,0,200074971,200074971
200075051,electricity,69000,Wh,188,Wh/km,0.95,6130,W,0.9,6130,W,0,200075051,200075051
200075052,electricity,38000,Wh,153,Wh/km,0.95,6130,W,0.9,6130,W,0,200075052,200075052
200075053,electricity,38000,Wh,153,Wh/km,0.95,6130,W,0.9,6130,W,0,200075053,200075053
200075191,electricity,69000,Wh,188,Wh/km,0.95,6130,W,0.9,6130,W,0,200075191,200075191
200075271,electricity,69000,Wh,188,Wh/km,0.95,6130,W,0.9,6130,W,0,200075271,200075271
200075451,electricity,38000,Wh,153,Wh/km,0.95,6130,W,0.9,6130,W,0,200075451,200075451
200075871,electricity,69000,Wh,188,Wh/km,0.95,6130,W,0.9,6130,W,0,200075871,200075871
200076311,electricity,69000,Wh,188,Wh/km,0.95,6130,W,0.9,6130,W,0,200076311,200076311
200076371,electricity,100000,Wh,203,Wh/km,0.95,6130,W,0.9,6130,W,0,200076371,200076371
200076591,electricity,69000,Wh,188,Wh/km,0.95,6130,W,0.9,6130,W,0,200076591,200076591
200076791,electricity,69000,Wh,188,Wh/km,0.95,6130,W,0.9,6130,W,0,200076791,200076791
200076871,electricity,69000,Wh,188,Wh/km,0.95,6130,W,0.9,6130,W,0,200076871,200076871
200076931,electricity,69000,Wh,188,Wh/km,0.95,6130,W,0.9,6130,W,0,200076931,200076931
19991100151,electricity,69000,Wh,188,Wh/km,0.95,6130,W,0.9,6130,W,0,19991100151,19991100151
19991100411,electricity,69000,Wh,188,Wh/km,0.95,6130,W,0.9,6130,W,0,19991100411,19991100411
19991100431,electricity,38000,Wh,153,Wh/km,0.95,6130,W,0.9,6130,W,0,19991100431,19991100431
19991100531,electricity,69000,Wh,188,Wh/km,0.95,6130,W,0.9,6130,W,0,19991100531,19991100531
19991100631,electricity,69000,Wh,188,Wh/km,0.95,6130,W,0.9,6130,W,0,19991100631,19991100631
19991100671,electricity,69000,Wh,188,Wh/km,0.95,6130,W,0.9,6130,W,0,19991100671,19991100671
19991100691,electricity,69000,Wh,188,Wh/km,0.95,6130,W,0.9,6130,W,0,19991100691,19991100691
19991100751,electricity,69000,Wh,188,Wh/km,0.95,6130,W,0.9,6130,W,0,19991100751,19991100751
19991100811,electricity,38000,Wh,153,Wh/km,0.95,6130,W,0.9,6130,W,0,19991100811,19991100811
19991100891,electricity,69000,Wh,188,Wh/km,0.95,6130,W,0.9,6130,W,0,19991100891,19991100891
19991100911,electricity,69000,Wh,188,Wh/km,0.95,6130,W,0.9,6130,W,0,19991100911,19991100911
19991100951,electricity,69000,Wh,188,Wh/km,0.95,6130,W,0.9,6130,W,0,19991100951,19991100951
19991101091,electricity,38000,Wh,153,Wh/km,0.95,6130,W,0.9,6130,W,0,19991101091,19991101091
19991101111,electricity,69000,Wh,188,Wh/km,0.95,6130,W,0.9,6130,W,0,19991101111,19991101111
19991101131,electricity,69000,Wh,188,Wh/km,0.95,6130,W,0.9,6130,W,0,19991101131,19991101131
19991101351,electricity,38000,Wh,153,Wh/km,0.95,6130,W,0.9,6130,W,0,19991101351,19991101351
19991101391,electricity,69000,Wh,188,Wh/km,0.95,6130,W,0.9,6130,W,0,19991101391,19991101391
19991101411,electricity,69000,Wh,188,Wh/km,0.95,6130,W,0.9,6130,W,0,19991101411,19991101411
19991101471,electricity,69000,Wh,188,Wh/km,0.95,6130,W,0.9,6130,W,0,19991101471,19991101471
19991101552,electricity,69000,Wh,188,Wh/km,0.95,6130,W,0.9,6130,W,0,19991101552,19991101552
19991101671,electricity,69000,Wh,188,Wh/km,0.95,6130,W,0.9,6130,W,0,19991101671,19991101671
19991101672,electricity,38000,Wh,153,Wh/km,0.95,6130,W,0.9,6130,W,0,19991101672,19991101672
19991101691,electricity,38000,Wh,153,Wh/km,0.95,6130,W,0.9,6130,W,0,19991101691,19991101691
19991101711,electricity,69000,Wh,188,Wh/km,0.95,6130,W,0.9,6130,W,0,19991101711,19991101711
19991101751,electricity,38000,Wh,153,Wh/km,0.95,6130,W,0.9,6130,W,0,19991101751,19991101751
19991101771,electricity,69000,Wh,188,Wh/km,0.95,6130,W,0.9,6130,W,0,19991101771,19991101771
19991101811,electricity,69000,Wh,188,Wh/km,0.95,6130,W,0.9,6130,W,0,19991101811,19991101811
19991101851,electricity,69000,Wh,188,Wh/km,0.95,6130,W,0.9,6130,W,0,19991101851,19991101851
19991101931,electricity,69000,Wh,188,Wh/km,0.95,6130,W,0.9,6130,W,0,19991101931,19991101931
19991101932,electricity,38000,Wh,153,Wh/km,0.95,6130,W,0.9,6130,W,0,19991101932,19991101932
19991101991,electricity,38000,Wh,153,Wh/km,0.95,6130,W,0.9,6130,W,0,19991101991,19991101991
19991102071,electricity,100000,Wh,203,Wh/km,0.95,6130,W,0.9,6130,W,0,19991102071,19991102071
19991102251,electricity,100000,Wh,203,Wh/km,0.95,6130,W,0.9,6130,W,0,19991102251,19991102251
19991102252,electricity,38000,Wh,153,Wh/km,0.95,6130,W,0.9,6130,W,0,19991102252,19991102252
19991102311,electricity,38000,Wh,153,Wh/km,0.95,6130,W,0.9,6130,W,0,19991102311,19991102311
19991102331,electricity,100000,Wh,203,Wh/km,0.95,6130,W,0.9,6130,W,0,19991102331,19991102331
19991102472,electricity,38000,Wh,153,Wh/km,0.95,6130,W,0.9,6130,W,0,19991102472,19991102472
19991102571,electricity,69000,Wh,188,Wh/km,0.95,6130,W,0.9,6130,W,0,19991102571,19991102571
19991102611,electricity,69000,Wh,188,Wh/km,0.95,6130,W,0.9,6130,W,0,19991102611,19991102611
19991102612,electricity,100000,Wh,203,Wh/km,0.95,6130,W,0.9,6130,W,0,19991102612,19991102612
19991102831,electricity,38000,Wh,153,Wh/km,0.95,6130,W,0.9,6130,W,0,19991102831,19991102831
19991103031,electricity,69000,Wh,188,Wh/km,0.95,6130,W,0.9,6130,W,0,19991103031,19991103031
19991103051,electricity,69000,Wh,188,Wh/km,0.95,6130,W,0.9,6130,W,0,19991103051,19991103051
19991103091,electricity,100000,Wh,203,Wh/km,0.95,6130,W,0.9,6130,W,0,19991103091,19991103091
19991103291,electricity,69000,Wh,188,Wh/km,0.95,6130,W,0.9,6130,W,0,19991103291,19991103291
19991103371,electricity,69000,Wh,188,Wh/km,0.95,6130,W,0.9,6130,W,0,19991103371,19991103371
19991103372,electricity,38000,Wh,153,Wh/km,0.95,6130,W,0.9,6130,W,0,19991103372,19991103372
19991103451,electricity,38000,Wh,153,Wh/km,0.95,6130,W,0.9,6130,W,0,19991103451,19991103451
19991103471,electricity,38000,Wh,153,Wh/km,0.95,6130,W,0.9,6130,W,0,19991103471,19991103471
19991103511,electricity,69000,Wh,188,Wh/km,0.95,6130,W,0.9,6130,W,0,19991103511,19991103511
19991103551,electricity,69000,Wh,188,Wh/km,0.95,6130,W,0.9,6130,W,0,19991103551,19991103551
19991103611,electricity,69000,Wh,188,Wh/km,0.95,6130,W,0.9,6130,W,0,19991103611,19991103611
19991103651,electricity,69000,Wh,188,Wh/km,0.95,6130,W,0.9,6130,W,0,19991103651,19991103651
19991103711,electricity,38000,Wh,153,Wh/km,0.95,6130,W,0.9,6130,W,0,19991103711,19991103711
19991103751,electricity,100000,Wh,203,Wh/km,0.95,6130,W,0.9,6130,W,0,19991103751,19991103751
19991103791,electricity,100000,Wh,203,Wh/km,0.95,6130,W,0.9,6130,W,0,19991103791,19991103791
19991103871,electricity,69000,Wh,188,Wh/km,0.95,6130,W,0.9,6130,W,0,19991103871,19991103871
19991103932,electricity,69000,Wh,188,Wh/km,0.95,6130,W,0.9,6130,W,0,19991103932,19991103932
19991104051,electricity,69000,Wh,188,Wh/km,0.95,6130,W,0.9,6130,W,0,19991104051,19991104051
19991104451,electricity,69000,Wh,188,Wh/km,0.95,6130,W,0.9,6130,W,0,19991104451,19991104451
19991104591,electricity,38000,Wh,153,Wh/km,0.95,6130,W,0.9,6130,W,0,19991104591,19991104591
19991104691,electricity,69000,Wh,188,Wh/km,0.95,6130,W,0.9,6130,W,0,19991104691,19991104691
19991104692,electricity,69000,Wh,188,Wh/km,0.95,6130,W,0.9,6130,W,0,19991104692,19991104692
19991104811,electricity,69000,Wh,188,Wh/km,0.95,6130,W,0.9,6130,W,0,19991104811,19991104811
19991104831,electricity,100000,Wh,203,Wh/km,0.95,6130,W,0.9,6130,W,0,19991104831,19991104831
19991104911,electricity,38000,Wh,153,Wh/km,0.95,6130,W,0.9,6130,W,0,19991104911,19991104911
19991104912,electricity,38000,Wh,153,Wh/km,0.95,6130,W,0.9,6130,W,0,19991104912,19991104912
19991104951,electricity,69000,Wh,188,Wh/km,0.95,6130,W,0.9,6130,W,0,19991104951,19991104951
19991105151,electricity,69000,Wh,188,Wh/km,0.95,6130,W,0.9,6130,W,0,19991105151,19991105151
19991105211,electricity,38000,Wh,153,Wh/km,0.95,6130,W,0.9,6130,W,0,19991105211,19991105211
19991105251,electricity,38000,Wh,153,Wh/km,0.95,6130,W,0.9,6130,W,0,19991105251,19991105251
19991105471,electricity,69000,Wh,188,Wh/km,0.95,6130,W,0.9,6130,W,0,19991105471,19991105471
19991105571,electricity,38000,Wh,153,Wh/km,0.95,6130,W,0.9,6130,W,0,19991105571,19991105571
19991105611,electricity,69000,Wh,188,Wh/km,0.95,6130,W,0.9,6130,W,0,19991105611,19991105611
19991105712,electricity,38000,Wh,153,Wh/km,0.95,6130,W,0.9,6130,W,0,19991105712,19991105712
19991105811,electricity,69000,Wh,188,Wh/km,0.95,6130,W,0.9,6130,W,0,19991105811,19991105811
19991105891,electricity,69000,Wh,188,Wh/km,0.95,6130,W,0.9,6130,W,0,19991105891,19991105891
19991105931,electricity,100000,Wh,203,Wh/km,0.95,6130,W,0.9,6130,W,0,19991105931,19991105931
19991105971,electricity,69000,Wh,188,Wh/km,0.95,6130,W,0.9,6130,W,0,19991105971,19991105971
19991106171,electricity,38000,Wh,153,Wh/km,0.95,6130,W,0.9,6130,W,0,19991106171,19991106171
19991106251,electricity,69000,Wh,188,Wh/km,0.95,6130,W,0.9,6130,W,0,19991106251,19991106251
19991106411,electricity,69000,Wh,188,Wh/km,0.95,6130,W,0.9,6130,W,0,19991106411,19991106411
19991106471,electricity,38000,Wh,153,Wh/km,0.95,6130,W,0.9,6130,W,0,19991106471,19991106471
19991106551,electricity,69000,Wh,188,Wh/km,0.95,6130,W,0.9,6130,W,0,19991106551,19991106551
19991106571,electricity,38000,Wh,153,Wh/km,0.95,6130,W,0.9,6130,W,0,19991106571,19991106571
19991106651,electricity,38000,Wh,153,Wh/km,0.95,6130,W,0.9,6130,W,0,19991106651,19991106651
19991107011,electricity,69000,Wh,188,Wh/km,0.95,6130,W,0.9,6130,W,0,19991107011,19991107011
19991107031,electricity,69000,Wh,188,Wh/km,0.95,6130,W,0.9,6130,W,0,19991107031,19991107031
19991107191,electricity,69000,Wh,188,Wh/km,0.95,6130,W,0.9,6130,W,0,19991107191,19991107191
19991107331,electricity,69000,Wh,188,Wh/km,0.95,6130,W,0.9,6130,W,0,19991107331,19991107331
19991107332,electricity,38000,Wh,153,Wh/km,0.95,6130,W,0.9,6130,W,0,19991107332,19991107332
19991107411,electricity,69000,Wh,188,Wh/km,0.95,6130,W,0.9,6130,W,0,19991107411,19991107411
19991107412,electricity,38000,Wh,153,Wh/km,0.95,6130,W,0.9,6130,W,0,19991107412,19991107412
19991107471,electricity,69000,Wh,188,Wh/km,0.95,6130,W,0.9,6130,W,0,19991107471,19991107471
19991107491,electricity,38000,Wh,153,Wh/km,0.95,6130,W,0.9,6130,W,0,19991107491,19991107491
19991107591,electricity,69000,Wh,188,Wh/km,0.95,6130,W,0.9,6130,W,0,19991107591,19991107591
19991107711,electricity,38000,Wh,153,Wh/km,0.95,6130,W,0.9,6130,W,0,19991107711,19991107711
19991107731,electricity,100000,Wh,203,Wh/km,0.95,6130,W,0.9,6130,W,0,19991107731,19991107731
19991107751,electricity,69000,Wh,188,Wh/km,0.95,6130,W,0.9,6130,W,0,19991107751,19991107751
19991107811,electricity,69000,Wh,188,Wh/km,0.95,6130,W,0.9,6130,W,0,19991107811,19991107811
19991108371,electricity,69000,Wh,188,Wh/km,0.95,6130,W,0.9,6130,W,0,19991108371,19991108371
19991108451,electricity,69000,Wh,188,Wh/km,0.95,6130,W,0.9,6130,W,0,19991108451,19991108451
19991108571,electricity,69000,Wh,188,Wh/km,0.95,6130,W,0.9,6130,W,0,19991108571,19991108571
19991108671,electricity,69000,Wh,188,Wh/km,0.95,6130,W,0.9,6130,W,0,19991108671,19991108671
19991108731,electricity,69000,Wh,188,Wh/km,0.95,6130,W,0.9,6130,W,0,19991108731,19991108731
19991108791,electricity,38000,Wh,153,Wh/km,0.95,6130,W,0.9,6130,W,0,19991108791,19991108791
19991108792,electricity,38000,Wh,153,Wh/km,0.95,6130,W,0.9,6130,W,0,19991108792,19991108792
19991109031,electricity,69000,Wh,188,Wh/km,0.95,6130,W,0.9,6130,W,0,19991109031,19991109031
19991109271,electricity,69000,Wh,188,Wh/km,0.95,6130,W,0.9,6130,W,0,19991109271,19991109271
19991109331,electricity,69000,Wh,188,Wh/km,0.95,6130,W,0.9,6130,W,0,19991109331,19991109331
19991109411,electricity,100000,Wh,203,Wh/km,0.95,6130,W,0.9,6130,W,0,19991109411,19991109411
19991109571,electricity,69000,Wh,188,Wh/km,0.95,6130,W,0.9,6130,W,0,19991109571,19991109571
19991109591,electricity,69000,Wh,188,Wh/km,0.95,6130,W,0.9,6130,W,0,19991109591,19991109591
19991109711,electricity,100000,Wh,203,Wh/km,0.95,6130,W,0.9,6130,W,0,19991109711,19991109711
19991109831,electricity,69000,Wh,188,Wh/km,0.95,6130,W,0.9,6130,W,0,19991109831,19991109831
19991109851,electricity,69000,Wh,188,Wh/km,0.95,6130,W,0.9,6130,W,0,19991109851,19991109851
19991110091,electricity,38000,Wh,153,Wh/km,0.95,6130,W,0.9,6130,W,0,19991110091,19991110091
19991110171,electricity,69000,Wh,188,Wh/km,0.95,6130,W,0.9,6130,W,0,19991110171,19991110171
19991110311,electricity,69000,Wh,188,Wh/km,0.95,6130,W,0.9,6130,W,0,19991110311,19991110311
19991110371,electricity,100000,Wh,203,Wh/km,0.95,6130,W,0.9,6130,W,0,19991110371,19991110371
19991110372,electricity,38000,Wh,153,Wh/km,0.95,6130,W,0.9,6130,W,0,19991110372,19991110372
19991110411,electricity,38000,Wh,153,Wh/km,0.95,6130,W,0.9,6130,W,0,19991110411,19991110411
19991110671,electricity,69000,Wh,188,Wh/km,0.95,6130,W,0.9,6130,W,0,19991110671,19991110671
19991110672,electricity,38000,Wh,153,Wh/km,0.95,6130,W,0.9,6130,W,0,19991110672,19991110672
19991110673,electricity,69000,Wh,188,Wh/km,0.95,6130,W,0.9,6130,W,0,19991110673,19991110673
19991110731,electricity,38000,Wh,153,Wh/km,0.95,6130,W,0.9,6130,W,0,19991110731,19991110731
19991110831,electricity,38000,Wh,153,Wh/km,0.95,6130,W,0.9,6130,W,0,19991110831,19991110831
19991110911,electricity,100000,Wh,203,Wh/km,0.95,6130,W,0.9,6130,W,0,19991110911,19991110911
19991111151,electricity,38000,Wh,153,Wh/km,0.95,6130,W,0.9,6130,W,0,19991111151,19991111151
19991111231,electricity,38000,Wh,153,Wh/km,0.95,6130,W,0.9,6130,W,0,19991111231,19991111231
19995100091,electricity,69000,Wh,188,Wh/km,0.95,6130,W,0.9,6130,W,0,19995100091,19995100091
19995100231,electricity,69000,Wh,188,Wh/km,0.95,6130,W,0.9,6130,W,0,19995100231,19995100231
19995100311,electricity,69000,Wh,188,Wh/km,0.95,6130,W,0.9,6130,W,0,19995100311,19995100311
19995100331,electricity,69000,Wh,188,Wh/km,0.95,6130,W,0.9,6130,W,0,19995100331,19995100331
19995100431,electricity,69000,Wh,188,Wh/km,0.95,6130,W,0.9,6130,W,0,19995100431,19995100431
19995100432,electricity,100000,Wh,203,Wh/km,0.95,6130,W,0.9,6130,W,0,19995100432,19995100432
19995100433,electricity,100000,Wh,203,Wh/km,0.95,6130,W,0.9,6130,W,0,19995100433,19995100433
19995100511,electricity,38000,Wh,153,Wh/km,0.95,6130,W,0.9,6130,W,0,19995100511,19995100511
19995100571,electricity,69000,Wh,188,Wh/km,0.95,6130,W,0.9,6130,W,0,19995100571,19995100571
19995100572,electricity,38000,Wh,153,Wh/km,0.95,6130,W,0.9,6130,W,0,19995100572,19995100572
19995100691,electricity,38000,Wh,153,Wh/km,0.95,6130,W,0.9,6130,W,0,19995100691,19995100691
19995100851,electricity,38000,Wh,153,Wh/km,0.95,6130,W,0.9,6130,W,0,19995100851,19995100851
19995100892,electricity,38000,Wh,153,Wh/km,0.95,6130,W,0.9,6130,W,0,19995100892,19995100892
19995100931,electricity,100000,Wh,203,Wh/km,0.95,6130,W,0.9,6130,W,0,19995100931,19995100931
19995101231,electricity,69000,Wh,188,Wh/km,0.95,6130,W,0.9,6130,W,0,19995101231,19995101231
19995101311,electricity,69000,Wh,188,Wh/km,0.95,6130,W,0.9,6130,W,0,19995101311,19995101311
19995101312,electricity,38000,Wh,153,Wh/km,0.95,6130,W,0.9,6130,W,0,19995101312,19995101312
19995101371,electricity,69000,Wh,188,Wh/km,0.95,6130,W,0.9,6130,W,0,19995101371,19995101371
19995101411,electricity,69000,Wh,188,Wh/km,0.95,6130,W,0.9,6130,W,0,19995101411,19995101411
19995101412,electricity,38000,Wh,153,Wh/km,0.95,6130,W,0.9,6130,W,0,19995101412,19995101412
19995101413,electricity,69000,Wh,188,Wh/km,0.95,6130,W,0.9,6130,W,0,19995101413,19995101413
19995101491,electricity,69000,Wh,188,Wh/km,0.95,6130,W,0.9,6130,W,0,19995101491,19995101491
19995101571,electricity,38000,Wh,153,Wh/km,0.95,6130,W,0.9,6130,W,0,19995101571,19995101571
19995101572,electricity,69000,Wh,188,Wh/km,0.95,6130,W,0.9,6130,W,0,19995101572,19995101572
19995101771,electricity,69000,Wh,188,Wh/km,0.95,6130,W,0.9,6130,W,0,19995101771,19995101771
19995101772,electricity,69000,Wh,188,Wh/km,0.95,6130,W,0.9,6130,W,0,19995101772,19995101772
19995101773,electricity,69000,Wh,188,Wh/km,0.95,6130,W,0.9,6130,W,0,19995101773,19995101773
19995101871,electricity,69000,Wh,188,Wh/km,0.95,6130,W,0.9,6130,W,0,19995101871,19995101871
19995101971,electricity,69000,Wh,188,Wh/km,0.95,6130,W,0.9,6130,W,0,19995101971,19995101971
19995101973,electricity,69000,Wh,188,Wh/km,0.95,6130,W,0.9,6130,W,0,19995101973,19995101973
19995101975,electricity,38000,Wh,153,Wh/km,0.95,6130,W,0.9,6130,W,0,19995101975,19995101975
19995102051,electricity,69000,Wh,188,Wh/km,0.95,6130,W,0.9,6130,W,0,19995102051,19995102051
19995102131,electricity,69000,Wh,188,Wh/km,0.95,6130,W,0.9,6130,W,0,19995102131,19995102131
19995102271,electricity,69000,Wh,188,Wh/km,0.95,6130,W,0.9,6130,W,0,19995102271,19995102271
19995102411,electricity,69000,Wh,188,Wh/km,0.95,6130,W,0.9,6130,W,0,19995102411,19995102411
19995102551,electricity,69000,Wh,188,Wh/km,0.95,6130,W,0.9,6130,W,0,19995102551,19995102551
19995102811,electricity,38000,Wh,153,Wh/km,0.95,6130,W,0.9,6130,W,0,19995102811,19995102811
19995102831,electricity,69000,Wh,188,Wh/km,0.95,6130,W,0.9,6130,W,0,19995102831,19995102831
19995102832,electricity,69000,Wh,188,Wh/km,0.95,6130,W,0.9,6130,W,0,19995102832,19995102832
19995102871,electricity,69000,Wh,188,Wh/km,0.95,6130,W,0.9,6130,W,0,19995102871,19995102871
19995102891,electricity,38000,Wh,153,Wh/km,0.95,6130,W,0.9,6130,W,0,19995102891,19995102891
19995102931,electricity,69000,Wh,188,Wh/km,0.95,6130,W,0.9,6130,W,0,19995102931,19995102931
19995103071,electricity,100000,Wh,203,Wh/km,0.95,6130,W,0.9,6130,W,0,19995103071,19995103071
19995103231,electricity,69000,Wh,188,Wh/km,0.95,6130,W,0.9,6130,W,0,19995103231,19995103231
19995103251,electricity,69000,Wh,188,Wh/km,0.95,6130,W,0.9,6130,W,0,19995103251,19995103251
19995103391,electricity,69000,Wh,188,Wh/km,0.95,6130,W,0.9,6130,W,0,19995103391,19995103391
19995103592,electricity,100000,Wh,203,Wh/km,0.95,6130,W,0.9,6130,W,0,19995103592,19995103592
19995103691,electricity,69000,Wh,188,Wh/km,0.95,6130,W,0.9,6130,W,0,19995103691,19995103691
19995103731,electricity,69000,Wh,188,Wh/km,0.95,6130,W,0.9,6130,W,0,19995103731,19995103731
19995103791,electricity,69000,Wh,188,Wh/km,0.95,6130,W,0.9,6130,W,0,19995103791,19995103791
19995103811,electricity,69000,Wh,188,Wh/km,0.95,6130,W,0.9,6130,W,0,19995103811,19995103811
19995103851,electricity,69000,Wh,188,Wh/km,0.95,6130,W,0.9,6130,W,0,19995103851,19995103851
19995103911,electricity,69000,Wh,188,Wh/km,0.95,6130,W,0.9,6130,W,0,19995103911,19995103911
19995103912,electricity,69000,Wh,188,Wh/km,0.95,6130,W,0.9,6130,W,0,19995103912,19995103912
19995103991,electricity,38000,Wh,153,Wh/km,0.95,6130,W,0.9,6130,W,0,19995103991,19995103991
19995104151,electricity,38000,Wh,153,Wh/km,0.95,6130,W,0.9,6130,W,0,19995104151,19995104151
19995104152,electricity,38000,Wh,153,Wh/km,0.95,6130,W,0.9,6130,W,0,19995104152,19995104152
19995104591,electricity,100000,Wh,203,Wh/km,0.95,6130,W,0.9,6130,W,0,19995104591,19995104591
19995104611,electricity,38000,Wh,153,Wh/km,0.95,6130,W,0.9,6130,W,0,19995104611,19995104611
19995104791,electricity,69000,Wh,188,Wh/km,0.95,6130,W,0.9,6130,W,0,19995104791,19995104791
19995104851,electricity,69000,Wh,188,Wh/km,0.95,6130,W,0.9,6130,W,0,19995104851,19995104851
19995104871,electricity,69000,Wh,188,Wh/km,0.95,6130,W,0.9,6130,W,0,19995104871,19995104871
19995104891,electricity,69000,Wh,188,Wh/km,0.95,6130,W,0.9,6130,W,0,19995104891,19995104891
19995104971,electricity,38000,Wh,153,Wh/km,0.95,6130,W,0.9,6130,W,0,19995104971,19995104971
19995105031,electricity,69000,Wh,188,Wh/km,0.95,6130,W,0.9,6130,W,0,19995105031,19995105031
19995105051,electricity,69000,Wh,188,Wh/km,0.95,6130,W,0.9,6130,W,0,19995105051,19995105051
19995105052,electricity,38000,Wh,153,Wh/km,0.95,6130,W,0.9,6130,W,0,19995105052,19995105052
19995105071,electricity,69000,Wh,188,Wh/km,0.95,6130,W,0.9,6130,W,0,19995105071,19995105071
19995105211,electricity,69000,Wh,188,Wh/km,0.95,6130,W,0.9,6130,W,0,19995105211,19995105211
19995105332,electricity,69000,Wh,188,Wh/km,0.95,6130,W,0.9,6130,W,0,19995105332,19995105332
19995105431,electricity,38000,Wh,153,Wh/km,0.95,6130,W,0.9,6130,W,0,19995105431,19995105431
19995105511,electricity,69000,Wh,188,Wh/km,0.95,6130,W,0.9,6130,W,0,19995105511,19995105511
19995105591,electricity,69000,Wh,188,Wh/km,0.95,6130,W,0.9,6130,W,0,19995105591,19995105591
19995105631,electricity,69000,Wh,188,Wh/km,0.95,6130,W,0.9,6130,W,0,19995105631,19995105631
19995105651,electricity,38000,Wh,153,Wh/km,0.95,6130,W,0.9,6130,W,0,19995105651,19995105651
19995105731,electricity,69000,Wh,188,Wh/km,0.95,6130,W,0.9,6130,W,0,19995105731,19995105731
19995105733,electricity,69000,Wh,188,Wh/km,0.95,6130,W,0.9,6130,W,0,19995105733,19995105733
20001100052,electricity,38000,Wh,153,Wh/km,0.95,6130,W,0.9,6130,W,0,20001100052,20001100052
20001100391,electricity,69000,Wh,188,Wh/km,0.95,6130,W,0.9,6130,W,0,20001100391,20001100391
20001100411,electricity,69000,Wh,188,Wh/km,0.95,6130,W,0.9,6130,W,0,20001100411,20001100411
20001100531,electricity,69000,Wh,188,Wh/km,0.95,6130,W,0.9,6130,W,0,20001100531,20001100531
20001100691,electricity,69000,Wh,188,Wh/km,0.95,6130,W,0.9,6130,W,0,20001100691,20001100691
20001100811,electricity,38000,Wh,153,Wh/km,0.95,6130,W,0.9,6130,W,0,20001100811,20001100811
20001100891,electricity,69000,Wh,188,Wh/km,0.95,6130,W,0.9,6130,W,0,20001100891,20001100891
20001100911,electricity,69000,Wh,188,Wh/km,0.95,6130,W,0.9,6130,W,0,20001100911,20001100911
20001101111,electricity,38000,Wh,153,Wh/km,0.95,6130,W,0.9,6130,W,0,20001101111,20001101111
20001101131,electricity,69000,Wh,188,Wh/km,0.95,6130,W,0.9,6130,W,0,20001101131,20001101131
20001101331,electricity,69000,Wh,188,Wh/km,0.95,6130,W,0.9,6130,W,0,20001101331,20001101331
20001101332,electricity,38000,Wh,153,Wh/km,0.95,6130,W,0.9,6130,W,0,20001101332,20001101332
20001101351,electricity,69000,Wh,188,Wh/km,0.95,6130,W,0.9,6130,W,0,20001101351,20001101351
20001101411,electricity,38000,Wh,153,Wh/km,0.95,6130,W,0.9,6130,W,0,20001101411,20001101411
20001101451,electricity,100000,Wh,203,Wh/km,0.95,6130,W,0.9,6130,W,0,20001101451,20001101451
20001101671,electricity,69000,Wh,188,Wh/km,0.95,6130,W,0.9,6130,W,0,20001101671,20001101671
20001101751,electricity,69000,Wh,188,Wh/km,0.95,6130,W,0.9,6130,W,0,20001101751,20001101751
20001101771,electricity,69000,Wh,188,Wh/km,0.95,6130,W,0.9,6130,W,0,20001101771,20001101771
20001101811,electricity,69000,Wh,188,Wh/km,0.95,6130,W,0.9,6130,W,0,20001101811,20001101811
20001101931,electricity,69000,Wh,188,Wh/km,0.95,6130,W,0.9,6130,W,0,20001101931,20001101931
20001101932,electricity,38000,Wh,153,Wh/km,0.95,6130,W,0.9,6130,W,0,20001101932,20001101932
20001101971,electricity,100000,Wh,203,Wh/km,0.95,6130,W,0.9,6130,W,0,20001101971,20001101971
20001101991,electricity,38000,Wh,153,Wh/km,0.95,6130,W,0.9,6130,W,0,20001101991,20001101991
20001102071,electricity,69000,Wh,188,Wh/km,0.95,6130,W,0.9,6130,W,0,20001102071,20001102071
20001102151,electricity,38000,Wh,153,Wh/km,0.95,6130,W,0.9,6130,W,0,20001102151,20001102151
20001102251,electricity,69000,Wh,188,Wh/km,0.95,6130,W,0.9,6130,W,0,20001102251,20001102251
20001102252,electricity,38000,Wh,153,Wh/km,0.95,6130,W,0.9,6130,W,0,20001102252,20001102252
20001102311,electricity,38000,Wh,153,Wh/km,0.95,6130,W,0.9,6130,W,0,20001102311,20001102311
20001102331,electricity,100000,Wh,203,Wh/km,0.95,6130,W,0.9,6130,W,0,20001102331,20001102331
20001102491,electricity,69000,Wh,188,Wh/km,0.95,6130,W,0.9,6130,W,0,20001102491,20001102491
20001102492,electricity,38000,Wh,153,Wh/km,0.95,6130,W,0.9,6130,W,0,20001102492,20001102492
20001102571,electricity,69000,Wh,188,Wh/km,0.95,6130,W,0.9,6130,W,0,20001102571,20001102571
20001102611,electricity,100000,Wh,203,Wh/km,0.95,6130,W,0.9,6130,W,0,20001102611,20001102611
20001102612,electricity,100000,Wh,203,Wh/km,0.95,6130,W,0.9,6130,W,0,20001102612,20001102612
20001102613,electricity,100000,Wh,203,Wh/km,0.95,6130,W,0.9,6130,W,0,20001102613,20001102613
20001103031,electricity,69000,Wh,188,Wh/km,0.95,6130,W,0.9,6130,W,0,20001103031,20001103031
20001103051,electricity,69000,Wh,188,Wh/km,0.95,6130,W,0.9,6130,W,0,20001103051,20001103051
20001103091,electricity,100000,Wh,203,Wh/km,0.95,6130,W,0.9,6130,W,0,20001103091,20001103091
20001103291,electricity,69000,Wh,188,Wh/km,0.95,6130,W,0.9,6130,W,0,20001103291,20001103291
20001103292,electricity,38000,Wh,153,Wh/km,0.95,6130,W,0.9,6130,W,0,20001103292,20001103292
20001103351,electricity,69000,Wh,188,Wh/km,0.95,6130,W,0.9,6130,W,0,20001103351,20001103351
20001103371,electricity,69000,Wh,188,Wh/km,0.95,6130,W,0.9,6130,W,0,20001103371,20001103371
20001103372,electricity,38000,Wh,153,Wh/km,0.95,6130,W,0.9,6130,W,0,20001103372,20001103372
20001103471,electricity,69000,Wh,188,Wh/km,0.95,6130,W,0.9,6130,W,0,20001103471,20001103471
20001103511,electricity,69000,Wh,188,Wh/km,0.95,6130,W,0.9,6130,W,0,20001103511,20001103511
20001103551,electricity,69000,Wh,188,Wh/km,0.95,6130,W,0.9,6130,W,0,20001103551,20001103551
20001103611,electricity,69000,Wh,188,Wh/km,0.95,6130,W,0.9,6130,W,0,20001103611,20001103611
20001103651,electricity,69000,Wh,188,Wh/km,0.95,6130,W,0.9,6130,W,0,20001103651,20001103651
20001103711,electricity,38000,Wh,153,Wh/km,0.95,6130,W,0.9,6130,W,0,20001103711,20001103711
20001103751,electricity,100000,Wh,203,Wh/km,0.95,6130,W,0.9,6130,W,0,20001103751,20001103751
20001103791,electricity,38000,Wh,153,Wh/km,0.95,6130,W,0.9,6130,W,0,20001103791,20001103791
20001103871,electricity,69000,Wh,188,Wh/km,0.95,6130,W,0.9,6130,W,0,20001103871,20001103871
20001104051,electricity,69000,Wh,188,Wh/km,0.95,6130,W,0.9,6130,W,0,20001104051,20001104051
20001104591,electricity,38000,Wh,153,Wh/km,0.95,6130,W,0.9,6130,W,0,20001104591,20001104591
20001104691,electricity,69000,Wh,188,Wh/km,0.95,6130,W,0.9,6130,W,0,20001104691,20001104691
20001104731,electricity,69000,Wh,188,Wh/km,0.95,6130,W,0.9,6130,W,0,20001104731,20001104731
20001104811,electricity,69000,Wh,188,Wh/km,0.95,6130,W,0.9,6130,W,0,20001104811,20001104811
20001104831,electricity,100000,Wh,203,Wh/km,0.95,6130,W,0.9,6130,W,0,20001104831,20001104831
20001104951,electricity,69000,Wh,188,Wh/km,0.95,6130,W,0.9,6130,W,0,20001104951,20001104951
20001105151,electricity,69000,Wh,188,Wh/km,0.95,6130,W,0.9,6130,W,0,20001105151,20001105151
20001105211,electricity,38000,Wh,153,Wh/km,0.95,6130,W,0.9,6130,W,0,20001105211,20001105211
20001105251,electricity,38000,Wh,153,Wh/km,0.95,6130,W,0.9,6130,W,0,20001105251,20001105251
20001105531,electricity,38000,Wh,153,Wh/km,0.95,6130,W,0.9,6130,W,0,20001105531,20001105531
20001105571,electricity,69000,Wh,188,Wh/km,0.95,6130,W,0.9,6130,W,0,20001105571,20001105571
20001105611,electricity,69000,Wh,188,Wh/km,0.95,6130,W,0.9,6130,W,0,20001105611,20001105611
20001105711,electricity,100000,Wh,203,Wh/km,0.95,6130,W,0.9,6130,W,0,20001105711,20001105711
20001105712,electricity,38000,Wh,153,Wh/km,0.95,6130,W,0.9,6130,W,0,20001105712,20001105712
20001105831,electricity,38000,Wh,153,Wh/km,0.95,6130,W,0.9,6130,W,0,20001105831,20001105831
20001105891,electricity,69000,Wh,188,Wh/km,0.95,6130,W,0.9,6130,W,0,20001105891,20001105891
20001105951,electricity,100000,Wh,203,Wh/km,0.95,6130,W,0.9,6130,W,0,20001105951,20001105951
20001105952,electricity,100000,Wh,203,Wh/km,0.95,6130,W,0.9,6130,W,0,20001105952,20001105952
20001106171,electricity,38000,Wh,153,Wh/km,0.95,6130,W,0.9,6130,W,0,20001106171,20001106171
20001106471,electricity,69000,Wh,188,Wh/km,0.95,6130,W,0.9,6130,W,0,20001106471,20001106471
20001106551,electricity,69000,Wh,188,Wh/km,0.95,6130,W,0.9,6130,W,0,20001106551,20001106551
20001106911,electricity,38000,Wh,153,Wh/km,0.95,6130,W,0.9,6130,W,0,20001106911,20001106911
20001107011,electricity,69000,Wh,188,Wh/km,0.95,6130,W,0.9,6130,W,0,20001107011,20001107011
20001107031,electricity,69000,Wh,188,Wh/km,0.95,6130,W,0.9,6130,W,0,20001107031,20001107031
20001107191,electricity,69000,Wh,188,Wh/km,0.95,6130,W,0.9,6130,W,0,20001107191,20001107191
20001107331,electricity,69000,Wh,188,Wh/km,0.95,6130,W,0.9,6130,W,0,20001107331,20001107331
20001107332,electricity,69000,Wh,188,Wh/km,0.95,6130,W,0.9,6130,W,0,20001107332,20001107332
20001107411,electricity,69000,Wh,188,Wh/km,0.95,6130,W,0.9,6130,W,0,20001107411,20001107411
20001107412,electricity,38000,Wh,153,Wh/km,0.95,6130,W,0.9,6130,W,0,20001107412,20001107412
20001107491,electricity,69000,Wh,188,Wh/km,0.95,6130,W,0.9,6130,W,0,20001107491,20001107491
20001107531,electricity,69000,Wh,188,Wh/km,0.95,6130,W,0.9,6130,W,0,20001107531,20001107531
20001107591,electricity,69000,Wh,188,Wh/km,0.95,6130,W,0.9,6130,W,0,20001107591,20001107591
20001107811,electricity,69000,Wh,188,Wh/km,0.95,6130,W,0.9,6130,W,0,20001107811,20001107811
20001107971,electricity,38000,Wh,153,Wh/km,0.95,6130,W,0.9,6130,W,0,20001107971,20001107971
20001108091,electricity,38000,Wh,153,Wh/km,0.95,6130,W,0.9,6130,W,0,20001108091,20001108091
20001108271,electricity,38000,Wh,153,Wh/km,0.95,6130,W,0.9,6130,W,0,20001108271,20001108271
20001108371,electricity,69000,Wh,188,Wh/km,0.95,6130,W,0.9,6130,W,0,20001108371,20001108371
20001108571,electricity,69000,Wh,188,Wh/km,0.95,6130,W,0.9,6130,W,0,20001108571,20001108571
20001108671,electricity,69000,Wh,188,Wh/km,0.95,6130,W,0.9,6130,W,0,20001108671,20001108671
20001108672,electricity,100000,Wh,203,Wh/km,0.95,6130,W,0.9,6130,W,0,20001108672,20001108672
20001108771,electricity,38000,Wh,153,Wh/km,0.95,6130,W,0.9,6130,W,0,20001108771,20001108771
20001108791,electricity,69000,Wh,188,Wh/km,0.95,6130,W,0.9,6130,W,0,20001108791,20001108791
20001108792,electricity,38000,Wh,153,Wh/km,0.95,6130,W,0.9,6130,W,0,20001108792,20001108792
20001109031,electricity,69000,Wh,188,Wh/km,0.95,6130,W,0.9,6130,W,0,20001109031,20001109031
20001109151,electricity,100000,Wh,203,Wh/km,0.95,6130,W,0.9,6130,W,0,20001109151,20001109151
20001109331,electricity,69000,Wh,188,Wh/km,0.95,6130,W,0.9,6130,W,0,20001109331,20001109331
20001109411,electricity,100000,Wh,203,Wh/km,0.95,6130,W,0.9,6130,W,0,20001109411,20001109411
20001109571,electricity,69000,Wh,188,Wh/km,0.95,6130,W,0.9,6130,W,0,20001109571,20001109571
20001109831,electricity,69000,Wh,188,Wh/km,0.95,6130,W,0.9,6130,W,0,20001109831,20001109831
20001110171,electricity,69000,Wh,188,Wh/km,0.95,6130,W,0.9,6130,W,0,20001110171,20001110171
20001110371,electricity,100000,Wh,203,Wh/km,0.95,6130,W,0.9,6130,W,0,20001110371,20001110371
20001110372,electricity,38000,Wh,153,Wh/km,0.95,6130,W,0.9,6130,W,0,20001110372,20001110372
20001110411,electricity,38000,Wh,153,Wh/km,0.95,6130,W,0.9,6130,W,0,20001110411,20001110411
20001110651,electricity,69000,Wh,188,Wh/km,0.95,6130,W,0.9,6130,W,0,20001110651,20001110651
20001110671,electricity,69000,Wh,188,Wh/km,0.95,6130,W,0.9,6130,W,0,20001110671,20001110671
20001110731,electricity,69000,Wh,188,Wh/km,0.95,6130,W,0.9,6130,W,0,20001110731,20001110731
20001110911,electricity,100000,Wh,203,Wh/km,0.95,6130,W,0.9,6130,W,0,20001110911,20001110911
20001110951,electricity,69000,Wh,188,Wh/km,0.95,6130,W,0.9,6130,W,0,20001110951,20001110951
20001110952,electricity,38000,Wh,153,Wh/km,0.95,6130,W,0.9,6130,W,0,20001110952,20001110952
20001111151,electricity,38000,Wh,153,Wh/km,0.95,6130,W,0.9,6130,W,0,20001111151,20001111151
20001111231,electricity,38000,Wh,153,Wh/km,0.95,6130,W,0.9,6130,W,0,20001111231,20001111231
20001300031,electricity,69000,Wh,188,Wh/km,0.95,6130,W,0.9,6130,W,0,20001300031,20001300031
20001300071,electricity,100000,Wh,203,Wh/km,0.95,6130,W,0.9,6130,W,0,20001300071,20001300071
20001300231,electricity,38000,Wh,153,Wh/km,0.95,6130,W,0.9,6130,W,0,20001300231,20001300231
20001300311,electricity,69000,Wh,188,Wh/km,0.95,6130,W,0.9,6130,W,0,20001300311,20001300311
20001300331,electricity,69000,Wh,188,Wh/km,0.95,6130,W,0.9,6130,W,0,20001300331,20001300331
20001300551,electricity,38000,Wh,153,Wh/km,0.95,6130,W,0.9,6130,W,0,20001300551,20001300551
20001300711,electricity,100000,Wh,203,Wh/km,0.95,6130,W,0.9,6130,W,0,20001300711,20001300711
20001300712,electricity,69000,Wh,188,Wh/km,0.95,6130,W,0.9,6130,W,0,20001300712,20001300712
20001300731,electricity,69000,Wh,188,Wh/km,0.95,6130,W,0.9,6130,W,0,20001300731,20001300731
20001300732,electricity,38000,Wh,153,Wh/km,0.95,6130,W,0.9,6130,W,0,20001300732,20001300732
20001300851,electricity,69000,Wh,188,Wh/km,0.95,6130,W,0.9,6130,W,0,20001300851,20001300851
20001300971,electricity,100000,Wh,203,Wh/km,0.95,6130,W,0.9,6130,W,0,20001300971,20001300971
20001300972,electricity,38000,Wh,153,Wh/km,0.95,6130,W,0.9,6130,W,0,20001300972,20001300972
20001301251,electricity,69000,Wh,188,Wh/km,0.95,6130,W,0.9,6130,W,0,20001301251,20001301251
20001301411,electricity,69000,Wh,188,Wh/km,0.95,6130,W,0.9,6130,W,0,20001301411,20001301411
20001301771,electricity,100000,Wh,203,Wh/km,0.95,6130,W,0.9,6130,W,0,20001301771,20001301771
20001301931,electricity,69000,Wh,188,Wh/km,0.95,6130,W,0.9,6130,W,0,20001301931,20001301931
20001301971,electricity,69000,Wh,188,Wh/km,0.95,6130,W,0.9,6130,W,0,20001301971,20001301971
20001302171,electricity,69000,Wh,188,Wh/km,0.95,6130,W,0.9,6130,W,0,20001302171,20001302171
20001302231,electricity,69000,Wh,188,Wh/km,0.95,6130,W,0.9,6130,W,0,20001302231,20001302231
20001302291,electricity,69000,Wh,188,Wh/km,0.95,6130,W,0.9,6130,W,0,20001302291,20001302291
20001302292,electricity,69000,Wh,188,Wh/km,0.95,6130,W,0.9,6130,W,0,20001302292,20001302292
20001302411,electricity,69000,Wh,188,Wh/km,0.95,6130,W,0.9,6130,W,0,20001302411,20001302411
20001302532,electricity,38000,Wh,153,Wh/km,0.95,6130,W,0.9,6130,W,0,20001302532,20001302532
20001302571,electricity,100000,Wh,203,Wh/km,0.95,6130,W,0.9,6130,W,0,20001302571,20001302571
20001302631,electricity,69000,Wh,188,Wh/km,0.95,6130,W,0.9,6130,W,0,20001302631,20001302631
20001302751,electricity,38000,Wh,153,Wh/km,0.95,6130,W,0.9,6130,W,0,20001302751,20001302751
20001302851,electricity,69000,Wh,188,Wh/km,0.95,6130,W,0.9,6130,W,0,20001302851,20001302851
20001302911,electricity,100000,Wh,203,Wh/km,0.95,6130,W,0.9,6130,W,0,20001302911,20001302911
20001302951,electricity,69000,Wh,188,Wh/km,0.95,6130,W,0.9,6130,W,0,20001302951,20001302951
20001302952,electricity,38000,Wh,153,Wh/km,0.95,6130,W,0.9,6130,W,0,20001302952,20001302952
20001303271,electricity,100000,Wh,203,Wh/km,0.95,6130,W,0.9,6130,W,0,20001303271,20001303271
20001303411,electricity,69000,Wh,188,Wh/km,0.95,6130,W,0.9,6130,W,0,20001303411,20001303411
20001303491,electricity,100000,Wh,203,Wh/km,0.95,6130,W,0.9,6130,W,0,20001303491,20001303491
20001303551,electricity,69000,Wh,188,Wh/km,0.95,6130,W,0.9,6130,W,0,20001303551,20001303551
20001303552,electricity,69000,Wh,188,Wh/km,0.95,6130,W,0.9,6130,W,0,20001303552,20001303552
20001303553,electricity,69000,Wh,188,Wh/km,0.95,6130,W,0.9,6130,W,0,20001303553,20001303553
20001303671,electricity,69000,Wh,188,Wh/km,0.95,6130,W,0.9,6130,W,0,20001303671,20001303671
20001303711,electricity,38000,Wh,153,Wh/km,0.95,6130,W,0.9,6130,W,0,20001303711,20001303711
20001303771,electricity,69000,Wh,188,Wh/km,0.95,6130,W,0.9,6130,W,0,20001303771,20001303771
20001303871,electricity,69000,Wh,188,Wh/km,0.95,6130,W,0.9,6130,W,0,20001303871,20001303871
20001303872,electricity,69000,Wh,188,Wh/km,0.95,6130,W,0.9,6130,W,0,20001303872,20001303872
20001303991,electricity,38000,Wh,153,Wh/km,0.95,6130,W,0.9,6130,W,0,20001303991,20001303991
20001304011,electricity,69000,Wh,188,Wh/km,0.95,6130,W,0.9,6130,W,0,20001304011,20001304011
20001304131,electricity,38000,Wh,153,Wh/km,0.95,6130,W,0.9,6130,W,0,20001304131,20001304131
20001304172,electricity,69000,Wh,188,Wh/km,0.95,6130,W,0.9,6130,W,0,20001304172,20001304172
20001304191,electricity,69000,Wh,188,Wh/km,0.95,6130,W,0.9,6130,W,0,20001304191,20001304191
20001304511,electricity,100000,Wh,203,Wh/km,0.95,6130,W,0.9,6130,W,0,20001304511,20001304511
20001304531,electricity,69000,Wh,188,Wh/km,0.95,6130,W,0.9,6130,W,0,20001304531,20001304531
20001304651,electricity,38000,Wh,153,Wh/km,0.95,6130,W,0.9,6130,W,0,20001304651,20001304651
20001304652,electricity,100000,Wh,203,Wh/km,0.95,6130,W,0.9,6130,W,0,20001304652,20001304652
20001304911,electricity,38000,Wh,153,Wh/km,0.95,6130,W,0.9,6130,W,0,20001304911,20001304911
20001304912,electricity,38000,Wh,153,Wh/km,0.95,6130,W,0.9,6130,W,0,20001304912,20001304912
20001304913,electricity,69000,Wh,188,Wh/km,0.95,6130,W,0.9,6130,W,0,20001304913,20001304913
20001309091,electricity,69000,Wh,188,Wh/km,0.95,6130,W,0.9,6130,W,0,20001309091,20001309091
20001309151,electricity,69000,Wh,188,Wh/km,0.95,6130,W,0.9,6130,W,0,20001309151,20001309151
20001309211,electricity,100000,Wh,203,Wh/km,0.95,6130,W,0.9,6130,W,0,20001309211,20001309211
20001309231,electricity,69000,Wh,188,Wh/km,0.95,6130,W,0.9,6130,W,0,20001309231,20001309231
20001309271,electricity,69000,Wh,188,Wh/km,0.95,6130,W,0.9,6130,W,0,20001309271,20001309271
20001309991,electricity,38000,Wh,153,Wh/km,0.95,6130,W,0.9,6130,W,0,20001309991,20001309991
20005100231,electricity,69000,Wh,188,Wh/km,0.95,6130,W,0.9,6130,W,0,20005100231,20005100231
20005100311,electricity,69000,Wh,188,Wh/km,0.95,6130,W,0.9,6130,W,0,20005100311,20005100311
20005100331,electricity,69000,Wh,188,Wh/km,0.95,6130,W,0.9,6130,W,0,20005100331,20005100331
20005100432,electricity,100000,Wh,203,Wh/km,0.95,6130,W,0.9,6130,W,0,20005100432,20005100432
20005100511,electricity,38000,Wh,153,Wh/km,0.95,6130,W,0.9,6130,W,0,20005100511,20005100511
20005100571,electricity,69000,Wh,188,Wh/km,0.95,6130,W,0.9,6130,W,0,20005100571,20005100571
20005100693,electricity,38000,Wh,153,Wh/km,0.95,6130,W,0.9,6130,W,0,20005100693,20005100693
20005100851,electricity,69000,Wh,188,Wh/km,0.95,6130,W,0.9,6130,W,0,20005100851,20005100851
20005101231,electricity,69000,Wh,188,Wh/km,0.95,6130,W,0.9,6130,W,0,20005101231,20005101231
20005101311,electricity,69000,Wh,188,Wh/km,0.95,6130,W,0.9,6130,W,0,20005101311,20005101311
20005101312,electricity,38000,Wh,153,Wh/km,0.95,6130,W,0.9,6130,W,0,20005101312,20005101312
20005101411,electricity,38000,Wh,153,Wh/km,0.95,6130,W,0.9,6130,W,0,20005101411,20005101411
20005101491,electricity,69000,Wh,188,Wh/km,0.95,6130,W,0.9,6130,W,0,20005101491,20005101491
20005101771,electricity,69000,Wh,188,Wh/km,0.95,6130,W,0.9,6130,W,0,20005101771,20005101771
20005101772,electricity,69000,Wh,188,Wh/km,0.95,6130,W,0.9,6130,W,0,20005101772,20005101772
20005101773,electricity,38000,Wh,153,Wh/km,0.95,6130,W,0.9,6130,W,0,20005101773,20005101773
20005101774,electricity,38000,Wh,153,Wh/km,0.95,6130,W,0.9,6130,W,0,20005101774,20005101774
20005101871,electricity,69000,Wh,188,Wh/km,0.95,6130,W,0.9,6130,W,0,20005101871,20005101871
20005101872,electricity,69000,Wh,188,Wh/km,0.95,6130,W,0.9,6130,W,0,20005101872,20005101872
20005102051,electricity,100000,Wh,203,Wh/km,0.95,6130,W,0.9,6130,W,0,20005102051,20005102051
20005102131,electricity,69000,Wh,188,Wh/km,0.95,6130,W,0.9,6130,W,0,20005102131,20005102131
20005102271,electricity,100000,Wh,203,Wh/km,0.95,6130,W,0.9,6130,W,0,20005102271,20005102271
20005102411,electricity,69000,Wh,188,Wh/km,0.95,6130,W,0.9,6130,W,0,20005102411,20005102411
20005102591,electricity,38000,Wh,153,Wh/km,0.95,6130,W,0.9,6130,W,0,20005102591,20005102591
20005102871,electricity,69000,Wh,188,Wh/km,0.95,6130,W,0.9,6130,W,0,20005102871,20005102871
20005102891,electricity,38000,Wh,153,Wh/km,0.95,6130,W,0.9,6130,W,0,20005102891,20005102891
20005102932,electricity,38000,Wh,153,Wh/km,0.95,6130,W,0.9,6130,W,0,20005102932,20005102932
20005103251,electricity,69000,Wh,188,Wh/km,0.95,6130,W,0.9,6130,W,0,20005103251,20005103251
20005103391,electricity,69000,Wh,188,Wh/km,0.95,6130,W,0.9,6130,W,0,20005103391,20005103391
20005103592,electricity,100000,Wh,203,Wh/km,0.95,6130,W,0.9,6130,W,0,20005103592,20005103592
20005103691,electricity,69000,Wh,188,Wh/km,0.95,6130,W,0.9,6130,W,0,20005103691,20005103691
20005103731,electricity,69000,Wh,188,Wh/km,0.95,6130,W,0.9,6130,W,0,20005103731,20005103731
20005103732,electricity,38000,Wh,153,Wh/km,0.95,6130,W,0.9,6130,W,0,20005103732,20005103732
20005103811,electricity,69000,Wh,188,Wh/km,0.95,6130,W,0.9,6130,W,0,20005103811,20005103811
20005103851,electricity,69000,Wh,188,Wh/km,0.95,6130,W,0.9,6130,W,0,20005103851,20005103851
20005103911,electricity,69000,Wh,188,Wh/km,0.95,6130,W,0.9,6130,W,0,20005103911,20005103911
20005103991,electricity,38000,Wh,153,Wh/km,0.95,6130,W,0.9,6130,W,0,20005103991,20005103991
20005104311,electricity,69000,Wh,188,Wh/km,0.95,6130,W,0.9,6130,W,0,20005104311,20005104311
20005104331,electricity,38000,Wh,153,Wh/km,0.95,6130,W,0.9,6130,W,0,20005104331,20005104331
20005104591,electricity,100000,Wh,203,Wh/km,0.95,6130,W,0.9,6130,W,0,20005104591,20005104591
20005104791,electricity,69000,Wh,188,Wh/km,0.95,6130,W,0.9,6130,W,0,20005104791,20005104791
20005105031,electricity,69000,Wh,188,Wh/km,0.95,6130,W,0.9,6130,W,0,20005105031,20005105031
20005105051,electricity,69000,Wh,188,Wh/km,0.95,6130,W,0.9,6130,W,0,20005105051,20005105051
20005105052,electricity,38000,Wh,153,Wh/km,0.95,6130,W,0.9,6130,W,0,20005105052,20005105052
20005105211,electricity,38000,Wh,153,Wh/km,0.95,6130,W,0.9,6130,W,0,20005105211,20005105211
20005105431,electricity,69000,Wh,188,Wh/km,0.95,6130,W,0.9,6130,W,0,20005105431,20005105431
20005105491,electricity,38000,Wh,153,Wh/km,0.95,6130,W,0.9,6130,W,0,20005105491,20005105491
20005105591,electricity,69000,Wh,188,Wh/km,0.95,6130,W,0.9,6130,W,0,20005105591,20005105591
20005105631,electricity,69000,Wh,188,Wh/km,0.95,6130,W,0.9,6130,W,0,20005105631,20005105631
20005105651,electricity,38000,Wh,153,Wh/km,0.95,6130,W,0.9,6130,W,0,20005105651,20005105651
20005105731,electricity,100000,Wh,203,Wh/km,0.95,6130,W,0.9,6130,W,0,20005105731,20005105731
20005105732,electricity,100000,Wh,203,Wh/km,0.95,6130,W,0.9,6130,W,0,20005105732,20005105732
20005105733,electricity,69000,Wh,188,Wh/km,0.95,6130,W,0.9,6130,W,0,20005105733,20005105733
20005300031,electricity,69000,Wh,188,Wh/km,0.95,6130,W,0.9,6130,W,0,20005300031,20005300031
20005300091,electricity,38000,Wh,153,Wh/km,0.95,6130,W,0.9,6130,W,0,20005300091,20005300091
20005300151,electricity,69000,Wh,188,Wh/km,0.95,6130,W,0.9,6130,W,0,20005300151,20005300151
20005300152,electricity,38000,Wh,153,Wh/km,0.95,6130,W,0.9,6130,W,0,20005300152,20005300152
20005300191,electricity,69000,Wh,188,Wh/km,0.95,6130,W,0.9,6130,W,0,20005300191,20005300191
20005300271,electricity,38000,Wh,153,Wh/km,0.95,6130,W,0.9,6130,W,0,20005300271,20005300271
20005300651,electricity,69000,Wh,188,Wh/km,0.95,6130,W,0.9,6130,W,0,20005300651,20005300651
20005300652,electricity,38000,Wh,153,Wh/km,0.95,6130,W,0.9,6130,W,0,20005300652,20005300652
20005300731,electricity,69000,Wh,188,Wh/km,0.95,6130,W,0.9,6130,W,0,20005300731,20005300731
20005300751,electricity,38000,Wh,153,Wh/km,0.95,6130,W,0.9,6130,W,0,20005300751,20005300751
20005300931,electricity,38000,Wh,153,Wh/km,0.95,6130,W,0.9,6130,W,0,20005300931,20005300931
20005301071,electricity,69000,Wh,188,Wh/km,0.95,6130,W,0.9,6130,W,0,20005301071,20005301071
20005301171,electricity,38000,Wh,153,Wh/km,0.95,6130,W,0.9,6130,W,0,20005301171,20005301171
20005301271,electricity,38000,Wh,153,Wh/km,0.95,6130,W,0.9,6130,W,0,20005301271,20005301271
20005301471,electricity,69000,Wh,188,Wh/km,0.95,6130,W,0.9,6130,W,0,20005301471,20005301471
20005301751,electricity,38000,Wh,153,Wh/km,0.95,6130,W,0.9,6130,W,0,20005301751,20005301751
20005301811,electricity,38000,Wh,153,Wh/km,0.95,6130,W,0.9,6130,W,0,20005301811,20005301811
20005301931,electricity,100000,Wh,203,Wh/km,0.95,6130,W,0.9,6130,W,0,20005301931,20005301931
20005301932,electricity,38000,Wh,153,Wh/km,0.95,6130,W,0.9,6130,W,0,20005301932,20005301932
20005301971,electricity,69000,Wh,188,Wh/km,0.95,6130,W,0.9,6130,W,0,20005301971,20005301971
20005302051,electricity,69000,Wh,188,Wh/km,0.95,6130,W,0.9,6130,W,0,20005302051,20005302051
20005302111,electricity,69000,Wh,188,Wh/km,0.95,6130,W,0.9,6130,W,0,20005302111,20005302111
20005302191,electricity,100000,Wh,203,Wh/km,0.95,6130,W,0.9,6130,W,0,20005302191,20005302191
20005302211,electricity,69000,Wh,188,Wh/km,0.95,6130,W,0.9,6130,W,0,20005302211,20005302211
20011100051,electricity,69000,Wh,188,Wh/km,0.95,6130,W,0.9,6130,W,0,20011100051,20011100051
20011100052,electricity,38000,Wh,153,Wh/km,0.95,6130,W,0.9,6130,W,0,20011100052,20011100052
20011100411,electricity,69000,Wh,188,Wh/km,0.95,6130,W,0.9,6130,W,0,20011100411,20011100411
20011100531,electricity,69000,Wh,188,Wh/km,0.95,6130,W,0.9,6130,W,0,20011100531,20011100531
20011100691,electricity,69000,Wh,188,Wh/km,0.95,6130,W,0.9,6130,W,0,20011100691,20011100691
20011100811,electricity,69000,Wh,188,Wh/km,0.95,6130,W,0.9,6130,W,0,20011100811,20011100811
20011100891,electricity,69000,Wh,188,Wh/km,0.95,6130,W,0.9,6130,W,0,20011100891,20011100891
20011100911,electricity,69000,Wh,188,Wh/km,0.95,6130,W,0.9,6130,W,0,20011100911,20011100911
20011101111,electricity,38000,Wh,153,Wh/km,0.95,6130,W,0.9,6130,W,0,20011101111,20011101111
20011101131,electricity,69000,Wh,188,Wh/km,0.95,6130,W,0.9,6130,W,0,20011101131,20011101131
20011101331,electricity,69000,Wh,188,Wh/km,0.95,6130,W,0.9,6130,W,0,20011101331,20011101331
20011101351,electricity,69000,Wh,188,Wh/km,0.95,6130,W,0.9,6130,W,0,20011101351,20011101351
20011101451,electricity,100000,Wh,203,Wh/km,0.95,6130,W,0.9,6130,W,0,20011101451,20011101451
20011101512,electricity,69000,Wh,188,Wh/km,0.95,6130,W,0.9,6130,W,0,20011101512,20011101512
20011101551,electricity,69000,Wh,188,Wh/km,0.95,6130,W,0.9,6130,W,0,20011101551,20011101551
20011101552,electricity,69000,Wh,188,Wh/km,0.95,6130,W,0.9,6130,W,0,20011101552,20011101552
20011101671,electricity,69000,Wh,188,Wh/km,0.95,6130,W,0.9,6130,W,0,20011101671,20011101671
20011101672,electricity,38000,Wh,153,Wh/km,0.95,6130,W,0.9,6130,W,0,20011101672,20011101672
20011101711,electricity,69000,Wh,188,Wh/km,0.95,6130,W,0.9,6130,W,0,20011101711,20011101711
20011101751,electricity,69000,Wh,188,Wh/km,0.95,6130,W,0.9,6130,W,0,20011101751,20011101751
20011101811,electricity,38000,Wh,153,Wh/km,0.95,6130,W,0.9,6130,W,0,20011101811,20011101811
20011101931,electricity,69000,Wh,188,Wh/km,0.95,6130,W,0.9,6130,W,0,20011101931,20011101931
20011101932,electricity,38000,Wh,153,Wh/km,0.95,6130,W,0.9,6130,W,0,20011101932,20011101932
20011102071,electricity,69000,Wh,188,Wh/km,0.95,6130,W,0.9,6130,W,0,20011102071,20011102071
20011102111,electricity,69000,Wh,188,Wh/km,0.95,6130,W,0.9,6130,W,0,20011102111,20011102111
20011102311,electricity,38000,Wh,153,Wh/km,0.95,6130,W,0.9,6130,W,0,20011102311,20011102311
20011102331,electricity,100000,Wh,203,Wh/km,0.95,6130,W,0.9,6130,W,0,20011102331,20011102331
20011102491,electricity,69000,Wh,188,Wh/km,0.95,6130,W,0.9,6130,W,0,20011102491,20011102491
20011102492,electricity,38000,Wh,153,Wh/km,0.95,6130,W,0.9,6130,W,0,20011102492,20011102492
20011102571,electricity,69000,Wh,188,Wh/km,0.95,6130,W,0.9,6130,W,0,20011102571,20011102571
20011102572,electricity,38000,Wh,153,Wh/km,0.95,6130,W,0.9,6130,W,0,20011102572,20011102572
20011102611,electricity,100000,Wh,203,Wh/km,0.95,6130,W,0.9,6130,W,0,20011102611,20011102611
20011103031,electricity,69000,Wh,188,Wh/km,0.95,6130,W,0.9,6130,W,0,20011103031,20011103031
20011103051,electricity,69000,Wh,188,Wh/km,0.95,6130,W,0.9,6130,W,0,20011103051,20011103051
20011103091,electricity,100000,Wh,203,Wh/km,0.95,6130,W,0.9,6130,W,0,20011103091,20011103091
20011103371,electricity,69000,Wh,188,Wh/km,0.95,6130,W,0.9,6130,W,0,20011103371,20011103371
20011103372,electricity,38000,Wh,153,Wh/km,0.95,6130,W,0.9,6130,W,0,20011103372,20011103372
20011103451,electricity,38000,Wh,153,Wh/km,0.95,6130,W,0.9,6130,W,0,20011103451,20011103451
20011103471,electricity,38000,Wh,153,Wh/km,0.95,6130,W,0.9,6130,W,0,20011103471,20011103471
20011103511,electricity,69000,Wh,188,Wh/km,0.95,6130,W,0.9,6130,W,0,20011103511,20011103511
20011103551,electricity,69000,Wh,188,Wh/km,0.95,6130,W,0.9,6130,W,0,20011103551,20011103551
20011103651,electricity,69000,Wh,188,Wh/km,0.95,6130,W,0.9,6130,W,0,20011103651,20011103651
20011103751,electricity,100000,Wh,203,Wh/km,0.95,6130,W,0.9,6130,W,0,20011103751,20011103751
20011103871,electricity,69000,Wh,188,Wh/km,0.95,6130,W,0.9,6130,W,0,20011103871,20011103871
20011103872,electricity,38000,Wh,153,Wh/km,0.95,6130,W,0.9,6130,W,0,20011103872,20011103872
20011104051,electricity,69000,Wh,188,Wh/km,0.95,6130,W,0.9,6130,W,0,20011104051,20011104051
20011104451,electricity,69000,Wh,188,Wh/km,0.95,6130,W,0.9,6130,W,0,20011104451,20011104451
20011104731,electricity,100000,Wh,203,Wh/km,0.95,6130,W,0.9,6130,W,0,20011104731,20011104731
20011104831,electricity,100000,Wh,203,Wh/km,0.95,6130,W,0.9,6130,W,0,20011104831,20011104831
20011105211,electricity,38000,Wh,153,Wh/km,0.95,6130,W,0.9,6130,W,0,20011105211,20011105211
20011105251,electricity,38000,Wh,153,Wh/km,0.95,6130,W,0.9,6130,W,0,20011105251,20011105251
20011105471,electricity,69000,Wh,188,Wh/km,0.95,6130,W,0.9,6130,W,0,20011105471,20011105471
20011105531,electricity,38000,Wh,153,Wh/km,0.95,6130,W,0.9,6130,W,0,20011105531,20011105531
20011105711,electricity,100000,Wh,203,Wh/km,0.95,6130,W,0.9,6130,W,0,20011105711,20011105711
20011105712,electricity,38000,Wh,153,Wh/km,0.95,6130,W,0.9,6130,W,0,20011105712,20011105712
20011106251,electricity,69000,Wh,188,Wh/km,0.95,6130,W,0.9,6130,W,0,20011106251,20011106251
20011106551,electricity,69000,Wh,188,Wh/km,0.95,6130,W,0.9,6130,W,0,20011106551,20011106551
20011106571,electricity,38000,Wh,153,Wh/km,0.95,6130,W,0.9,6130,W,0,20011106571,20011106571
20011106911,electricity,38000,Wh,153,Wh/km,0.95,6130,W,0.9,6130,W,0,20011106911,20011106911
20011107011,electricity,38000,Wh,153,Wh/km,0.95,6130,W,0.9,6130,W,0,20011107011,20011107011
20011107031,electricity,69000,Wh,188,Wh/km,0.95,6130,W,0.9,6130,W,0,20011107031,20011107031
20011107191,electricity,69000,Wh,188,Wh/km,0.95,6130,W,0.9,6130,W,0,20011107191,20011107191
20011107331,electricity,69000,Wh,188,Wh/km,0.95,6130,W,0.9,6130,W,0,20011107331,20011107331
20011107332,electricity,38000,Wh,153,Wh/km,0.95,6130,W,0.9,6130,W,0,20011107332,20011107332
20011107411,electricity,69000,Wh,188,Wh/km,0.95,6130,W,0.9,6130,W,0,20011107411,20011107411
20011107531,electricity,69000,Wh,188,Wh/km,0.95,6130,W,0.9,6130,W,0,20011107531,20011107531
20011107591,electricity,69000,Wh,188,Wh/km,0.95,6130,W,0.9,6130,W,0,20011107591,20011107591
20011107711,electricity,38000,Wh,153,Wh/km,0.95,6130,W,0.9,6130,W,0,20011107711,20011107711
20011108091,electricity,38000,Wh,153,Wh/km,0.95,6130,W,0.9,6130,W,0,20011108091,20011108091
20011108271,electricity,38000,Wh,153,Wh/km,0.95,6130,W,0.9,6130,W,0,20011108271,20011108271
20011108571,electricity,69000,Wh,188,Wh/km,0.95,6130,W,0.9,6130,W,0,20011108571,20011108571
20011108671,electricity,69000,Wh,188,Wh/km,0.95,6130,W,0.9,6130,W,0,20011108671,20011108671
20011108731,electricity,69000,Wh,188,Wh/km,0.95,6130,W,0.9,6130,W,0,20011108731,20011108731
20011108791,electricity,69000,Wh,188,Wh/km,0.95,6130,W,0.9,6130,W,0,20011108791,20011108791
20011108792,electricity,38000,Wh,153,Wh/km,0.95,6130,W,0.9,6130,W,0,20011108792,20011108792
20011109031,electricity,69000,Wh,188,Wh/km,0.95,6130,W,0.9,6130,W,0,20011109031,20011109031
20011109151,electricity,69000,Wh,188,Wh/km,0.95,6130,W,0.9,6130,W,0,20011109151,20011109151
20011109271,electricity,69000,Wh,188,Wh/km,0.95,6130,W,0.9,6130,W,0,20011109271,20011109271
20011109331,electricity,69000,Wh,188,Wh/km,0.95,6130,W,0.9,6130,W,0,20011109331,20011109331
20011109411,electricity,100000,Wh,203,Wh/km,0.95,6130,W,0.9,6130,W,0,20011109411,20011109411
20011109551,electricity,38000,Wh,153,Wh/km,0.95,6130,W,0.9,6130,W,0,20011109551,20011109551
20011109571,electricity,69000,Wh,188,Wh/km,0.95,6130,W,0.9,6130,W,0,20011109571,20011109571
20011109851,electricity,69000,Wh,188,Wh/km,0.95,6130,W,0.9,6130,W,0,20011109851,20011109851
20011110171,electricity,69000,Wh,188,Wh/km,0.95,6130,W,0.9,6130,W,0,20011110171,20011110171
20011110371,electricity,100000,Wh,203,Wh/km,0.95,6130,W,0.9,6130,W,0,20011110371,20011110371
20011110411,electricity,38000,Wh,153,Wh/km,0.95,6130,W,0.9,6130,W,0,20011110411,20011110411
20011110651,electricity,69000,Wh,188,Wh/km,0.95,6130,W,0.9,6130,W,0,20011110651,20011110651
20011110672,electricity,38000,Wh,153,Wh/km,0.95,6130,W,0.9,6130,W,0,20011110672,20011110672
20011110731,electricity,69000,Wh,188,Wh/km,0.95,6130,W,0.9,6130,W,0,20011110731,20011110731
20011110911,electricity,100000,Wh,203,Wh/km,0.95,6130,W,0.9,6130,W,0,20011110911,20011110911
20011110951,electricity,69000,Wh,188,Wh/km,0.95,6130,W,0.9,6130,W,0,20011110951,20011110951
20011110952,electricity,69000,Wh,188,Wh/km,0.95,6130,W,0.9,6130,W,0,20011110952,20011110952
20011111151,electricity,69000,Wh,188,Wh/km,0.95,6130,W,0.9,6130,W,0,20011111151,20011111151
20011111231,electricity,38000,Wh,153,Wh/km,0.95,6130,W,0.9,6130,W,0,20011111231,20011111231
20011300031,electricity,69000,Wh,188,Wh/km,0.95,6130,W,0.9,6130,W,0,20011300031,20011300031
20011300312,electricity,38000,Wh,153,Wh/km,0.95,6130,W,0.9,6130,W,0,20011300312,20011300312
20011300331,electricity,69000,Wh,188,Wh/km,0.95,6130,W,0.9,6130,W,0,20011300331,20011300331
20011300551,electricity,38000,Wh,153,Wh/km,0.95,6130,W,0.9,6130,W,0,20011300551,20011300551
20011300711,electricity,100000,Wh,203,Wh/km,0.95,6130,W,0.9,6130,W,0,20011300711,20011300711
20011300712,electricity,69000,Wh,188,Wh/km,0.95,6130,W,0.9,6130,W,0,20011300712,20011300712
20011300971,electricity,100000,Wh,203,Wh/km,0.95,6130,W,0.9,6130,W,0,20011300971,20011300971
20011300972,electricity,38000,Wh,153,Wh/km,0.95,6130,W,0.9,6130,W,0,20011300972,20011300972
20011301051,electricity,69000,Wh,188,Wh/km,0.95,6130,W,0.9,6130,W,0,20011301051,20011301051
20011301052,electricity,38000,Wh,153,Wh/km,0.95,6130,W,0.9,6130,W,0,20011301052,20011301052
20011301411,electricity,69000,Wh,188,Wh/km,0.95,6130,W,0.9,6130,W,0,20011301411,20011301411
20011301771,electricity,69000,Wh,188,Wh/km,0.95,6130,W,0.9,6130,W,0,20011301771,20011301771
20011301772,electricity,69000,Wh,188,Wh/km,0.95,6130,W,0.9,6130,W,0,20011301772,20011301772
20011301971,electricity,69000,Wh,188,Wh/km,0.95,6130,W,0.9,6130,W,0,20011301971,20011301971
20011301972,electricity,69000,Wh,188,Wh/km,0.95,6130,W,0.9,6130,W,0,20011301972,20011301972
20011302212,electricity,38000,Wh,153,Wh/km,0.95,6130,W,0.9,6130,W,0,20011302212,20011302212
20011302291,electricity,69000,Wh,188,Wh/km,0.95,6130,W,0.9,6130,W,0,20011302291,20011302291
20011302292,electricity,38000,Wh,153,Wh/km,0.95,6130,W,0.9,6130,W,0,20011302292,20011302292
20011302331,electricity,69000,Wh,188,Wh/km,0.95,6130,W,0.9,6130,W,0,20011302331,20011302331
20011302411,electricity,69000,Wh,188,Wh/km,0.95,6130,W,0.9,6130,W,0,20011302411,20011302411
20011302571,electricity,100000,Wh,203,Wh/km,0.95,6130,W,0.9,6130,W,0,20011302571,20011302571
20011302751,electricity,38000,Wh,153,Wh/km,0.95,6130,W,0.9,6130,W,0,20011302751,20011302751
20011302851,electricity,69000,Wh,188,Wh/km,0.95,6130,W,0.9,6130,W,0,20011302851,20011302851
20011302951,electricity,69000,Wh,188,Wh/km,0.95,6130,W,0.9,6130,W,0,20011302951,20011302951
20011303031,electricity,100000,Wh,203,Wh/km,0.95,6130,W,0.9,6130,W,0,20011303031,20011303031
20011303211,electricity,38000,Wh,153,Wh/km,0.95,6130,W,0.9,6130,W,0,20011303211,20011303211
20011303271,electricity,100000,Wh,203,Wh/km,0.95,6130,W,0.9,6130,W,0,20011303271,20011303271
20011303491,electricity,100000,Wh,203,Wh/km,0.95,6130,W,0.9,6130,W,0,20011303491,20011303491
20011303551,electricity,69000,Wh,188,Wh/km,0.95,6130,W,0.9,6130,W,0,20011303551,20011303551
20011303552,electricity,69000,Wh,188,Wh/km,0.95,6130,W,0.9,6130,W,0,20011303552,20011303552
20011303591,electricity,69000,Wh,188,Wh/km,0.95,6130,W,0.9,6130,W,0,20011303591,20011303591
20011303592,electricity,38000,Wh,153,Wh/km,0.95,6130,W,0.9,6130,W,0,20011303592,20011303592
20011303711,electricity,38000,Wh,153,Wh/km,0.95,6130,W,0.9,6130,W,0,20011303711,20011303711
20011303871,electricity,69000,Wh,188,Wh/km,0.95,6130,W,0.9,6130,W,0,20011303871,20011303871
20011303872,electricity,69000,Wh,188,Wh/km,0.95,6130,W,0.9,6130,W,0,20011303872,20011303872
20011304091,electricity,69000,Wh,188,Wh/km,0.95,6130,W,0.9,6130,W,0,20011304091,20011304091
20011304092,electricity,69000,Wh,188,Wh/km,0.95,6130,W,0.9,6130,W,0,20011304092,20011304092
20011304131,electricity,69000,Wh,188,Wh/km,0.95,6130,W,0.9,6130,W,0,20011304131,20011304131
20011304172,electricity,38000,Wh,153,Wh/km,0.95,6130,W,0.9,6130,W,0,20011304172,20011304172
20011304191,electricity,69000,Wh,188,Wh/km,0.95,6130,W,0.9,6130,W,0,20011304191,20011304191
20011304192,electricity,38000,Wh,153,Wh/km,0.95,6130,W,0.9,6130,W,0,20011304192,20011304192
20011304471,electricity,38000,Wh,153,Wh/km,0.95,6130,W,0.9,6130,W,0,20011304471,20011304471
20011304911,electricity,69000,Wh,188,Wh/km,0.95,6130,W,0.9,6130,W,0,20011304911,20011304911
20011304912,electricity,38000,Wh,153,Wh/km,0.95,6130,W,0.9,6130,W,0,20011304912,20011304912
20011500191,electricity,69000,Wh,188,Wh/km,0.95,6130,W,0.9,6130,W,0,20011500191,20011500191
20011500192,electricity,69000,Wh,188,Wh/km,0.95,6130,W,0.9,6130,W,0,20011500192,20011500192
20011500193,electricity,69000,Wh,188,Wh/km,0.95,6130,W,0.9,6130,W,0,20011500193,20011500193
20011500451,electricity,38000,Wh,153,Wh/km,0.95,6130,W,0.9,6130,W,0,20011500451,20011500451
20011500531,electricity,69000,Wh,188,Wh/km,0.95,6130,W,0.9,6130,W,0,20011500531,20011500531
20011500532,electricity,38000,Wh,153,Wh/km,0.95,6130,W,0.9,6130,W,0,20011500532,20011500532
20011500651,electricity,69000,Wh,188,Wh/km,0.95,6130,W,0.9,6130,W,0,20011500651,20011500651
20011501071,electricity,69000,Wh,188,Wh/km,0.95,6130,W,0.9,6130,W,0,20011501071,20011501071
20011501971,electricity,69000,Wh,188,Wh/km,0.95,6130,W,0.9,6130,W,0,20011501971,20011501971
20011502411,electricity,69000,Wh,188,Wh/km,0.95,6130,W,0.9,6130,W,0,20011502411,20011502411
20011502971,electricity,100000,Wh,203,Wh/km,0.95,6130,W,0.9,6130,W,0,20011502971,20011502971
20011502991,electricity,69000,Wh,188,Wh/km,0.95,6130,W,0.9,6130,W,0,20011502991,20011502991
20011503111,electricity,69000,Wh,188,Wh/km,0.95,6130,W,0.9,6130,W,0,20011503111,20011503111
20011503112,electricity,38000,Wh,153,Wh/km,0.95,6130,W,0.9,6130,W,0,20011503112,20011503112
20011503211,electricity,100000,Wh,203,Wh/km,0.95,6130,W,0.9,6130,W,0,20011503211,20011503211
20011503291,electricity,69000,Wh,188,Wh/km,0.95,6130,W,0.9,6130,W,0,20011503291,20011503291
20011503311,electricity,38000,Wh,153,Wh/km,0.95,6130,W,0.9,6130,W,0,20011503311,20011503311
20011503312,electricity,38000,Wh,153,Wh/km,0.95,6130,W,0.9,6130,W,0,20011503312,20011503312
20011503491,electricity,69000,Wh,188,Wh/km,0.95,6130,W,0.9,6130,W,0,20011503491,20011503491
20011503591,electricity,69000,Wh,188,Wh/km,0.95,6130,W,0.9,6130,W,0,20011503591,20011503591
20011503791,electricity,69000,Wh,188,Wh/km,0.95,6130,W,0.9,6130,W,0,20011503791,20011503791
20011504251,electricity,69000,Wh,188,Wh/km,0.95,6130,W,0.9,6130,W,0,20011504251,20011504251
20011504351,electricity,100000,Wh,203,Wh/km,0.95,6130,W,0.9,6130,W,0,20011504351,20011504351
20011504391,electricity,100000,Wh,203,Wh/km,0.95,6130,W,0.9,6130,W,0,20011504391,20011504391
20011505091,electricity,100000,Wh,203,Wh/km,0.95,6130,W,0.9,6130,W,0,20011505091,20011505091
20011505092,electricity,38000,Wh,153,Wh/km,0.95,6130,W,0.9,6130,W,0,20011505092,20011505092
20011505331,electricity,69000,Wh,188,Wh/km,0.95,6130,W,0.9,6130,W,0,20011505331,20011505331
20011505332,electricity,38000,Wh,153,Wh/km,0.95,6130,W,0.9,6130,W,0,20011505332,20011505332
20011506111,electricity,69000,Wh,188,Wh/km,0.95,6130,W,0.9,6130,W,0,20011506111,20011506111
20011506171,electricity,69000,Wh,188,Wh/km,0.95,6130,W,0.9,6130,W,0,20011506171,20011506171
20011506491,electricity,69000,Wh,188,Wh/km,0.95,6130,W,0.9,6130,W,0,20011506491,20011506491
20011506911,electricity,69000,Wh,188,Wh/km,0.95,6130,W,0.9,6130,W,0,20011506911,20011506911
20011507451,electricity,69000,Wh,188,Wh/km,0.95,6130,W,0.9,6130,W,0,20011507451,20011507451
20011508031,electricity,69000,Wh,188,Wh/km,0.95,6130,W,0.9,6130,W,0,20011508031,20011508031
20011508032,electricity,100000,Wh,203,Wh/km,0.95,6130,W,0.9,6130,W,0,20011508032,20011508032
20011508611,electricity,69000,Wh,188,Wh/km,0.95,6130,W,0.9,6130,W,0,20011508611,20011508611
20011508712,electricity,69000,Wh,188,Wh/km,0.95,6130,W,0.9,6130,W,0,20011508712,20011508712
20011509411,electricity,38000,Wh,153,Wh/km,0.95,6130,W,0.9,6130,W,0,20011509411,20011509411
20011509471,electricity,100000,Wh,203,Wh/km,0.95,6130,W,0.9,6130,W,0,20011509471,20011509471
20011509771,electricity,69000,Wh,188,Wh/km,0.95,6130,W,0.9,6130,W,0,20011509771,20011509771
20011509871,electricity,100000,Wh,203,Wh/km,0.95,6130,W,0.9,6130,W,0,20011509871,20011509871
20011510251,electricity,38000,Wh,153,Wh/km,0.95,6130,W,0.9,6130,W,0,20011510251,20011510251
20011510411,electricity,38000,Wh,153,Wh/km,0.95,6130,W,0.9,6130,W,0,20011510411,20011510411
20011510591,electricity,69000,Wh,188,Wh/km,0.95,6130,W,0.9,6130,W,0,20011510591,20011510591
20011510931,electricity,69000,Wh,188,Wh/km,0.95,6130,W,0.9,6130,W,0,20011510931,20011510931
20011510971,electricity,69000,Wh,188,Wh/km,0.95,6130,W,0.9,6130,W,0,20011510971,20011510971
20011511011,electricity,69000,Wh,188,Wh/km,0.95,6130,W,0.9,6130,W,0,20011511011,20011511011
20011511012,electricity,69000,Wh,188,Wh/km,0.95,6130,W,0.9,6130,W,0,20011511012,20011511012
20011511151,electricity,69000,Wh,188,Wh/km,0.95,6130,W,0.9,6130,W,0,20011511151,20011511151
20011511152,electricity,38000,Wh,153,Wh/km,0.95,6130,W,0.9,6130,W,0,20011511152,20011511152
20011511391,electricity,69000,Wh,188,Wh/km,0.95,6130,W,0.9,6130,W,0,20011511391,20011511391
20011511392,electricity,38000,Wh,153,Wh/km,0.95,6130,W,0.9,6130,W,0,20011511392,20011511392
20011511731,electricity,100000,Wh,203,Wh/km,0.95,6130,W,0.9,6130,W,0,20011511731,20011511731
20011511732,electricity,38000,Wh,153,Wh/km,0.95,6130,W,0.9,6130,W,0,20011511732,20011511732
20011511831,electricity,69000,Wh,188,Wh/km,0.95,6130,W,0.9,6130,W,0,20011511831,20011511831
20011512271,electricity,69000,Wh,188,Wh/km,0.95,6130,W,0.9,6130,W,0,20011512271,20011512271
20011512371,electricity,69000,Wh,188,Wh/km,0.95,6130,W,0.9,6130,W,0,20011512371,20011512371
20011512372,electricity,38000,Wh,153,Wh/km,0.95,6130,W,0.9,6130,W,0,20011512372,20011512372
20011512591,electricity,38000,Wh,153,Wh/km,0.95,6130,W,0.9,6130,W,0,20011512591,20011512591
20011512611,electricity,38000,Wh,153,Wh/km,0.95,6130,W,0.9,6130,W,0,20011512611,20011512611
20011512631,electricity,38000,Wh,153,Wh/km,0.95,6130,W,0.9,6130,W,0,20011512631,20011512631
20011512651,electricity,69000,Wh,188,Wh/km,0.95,6130,W,0.9,6130,W,0,20011512651,20011512651
20011512691,electricity,38000,Wh,153,Wh/km,0.95,6130,W,0.9,6130,W,0,20011512691,20011512691
20011513271,electricity,69000,Wh,188,Wh/km,0.95,6130,W,0.9,6130,W,0,20011513271,20011513271
20011513411,electricity,38000,Wh,153,Wh/km,0.95,6130,W,0.9,6130,W,0,20011513411,20011513411
20011513671,electricity,100000,Wh,203,Wh/km,0.95,6130,W,0.9,6130,W,0,20011513671,20011513671
20011514171,electricity,69000,Wh,188,Wh/km,0.95,6130,W,0.9,6130,W,0,20011514171,20011514171
20011514511,electricity,100000,Wh,203,Wh/km,0.95,6130,W,0.9,6130,W,0,20011514511,20011514511
20011515371,electricity,69000,Wh,188,Wh/km,0.95,6130,W,0.9,6130,W,0,20011515371,20011515371
20011515891,electricity,69000,Wh,188,Wh/km,0.95,6130,W,0.9,6130,W,0,20011515891,20011515891
20011516051,electricity,38000,Wh,153,Wh/km,0.95,6130,W,0.9,6130,W,0,20011516051,20011516051
20011517091,electricity,69000,Wh,188,Wh/km,0.95,6130,W,0.9,6130,W,0,20011517091,20011517091
20011517351,electricity,69000,Wh,188,Wh/km,0.95,6130,W,0.9,6130,W,0,20011517351,20011517351
20011517352,electricity,38000,Wh,153,Wh/km,0.95,6130,W,0.9,6130,W,0,20011517352,20011517352
20011517411,electricity,38000,Wh,153,Wh/km,0.95,6130,W,0.9,6130,W,0,20011517411,20011517411
20011517931,electricity,69000,Wh,188,Wh/km,0.95,6130,W,0.9,6130,W,0,20011517931,20011517931
20011518431,electricity,69000,Wh,188,Wh/km,0.95,6130,W,0.9,6130,W,0,20011518431,20011518431
20011518451,electricity,100000,Wh,203,Wh/km,0.95,6130,W,0.9,6130,W,0,20011518451,20011518451
20011518971,electricity,38000,Wh,153,Wh/km,0.95,6130,W,0.9,6130,W,0,20011518971,20011518971
20011519851,electricity,69000,Wh,188,Wh/km,0.95,6130,W,0.9,6130,W,0,20011519851,20011519851
20011520232,electricity,38000,Wh,153,Wh/km,0.95,6130,W,0.9,6130,W,0,20011520232,20011520232
20011520731,electricity,69000,Wh,188,Wh/km,0.95,6130,W,0.9,6130,W,0,20011520731,20011520731
20011521991,electricity,69000,Wh,188,Wh/km,0.95,6130,W,0.9,6130,W,0,20011521991,20011521991
20011522071,electricity,69000,Wh,188,Wh/km,0.95,6130,W,0.9,6130,W,0,20011522071,20011522071
20011522171,electricity,38000,Wh,153,Wh/km,0.95,6130,W,0.9,6130,W,0,20011522171,20011522171
20011522371,electricity,38000,Wh,153,Wh/km,0.95,6130,W,0.9,6130,W,0,20011522371,20011522371
20011522631,electricity,38000,Wh,153,Wh/km,0.95,6130,W,0.9,6130,W,0,20011522631,20011522631
20011522652,electricity,100000,Wh,203,Wh/km,0.95,6130,W,0.9,6130,W,0,20011522652,20011522652
20011522654,electricity,38000,Wh,153,Wh/km,0.95,6130,W,0.9,6130,W,0,20011522654,20011522654
20011522791,electricity,69000,Wh,188,Wh/km,0.95,6130,W,0.9,6130,W,0,20011522791,20011522791
20011522792,electricity,100000,Wh,203,Wh/km,0.95,6130,W,0.9,6130,W,0,20011522792,20011522792
20011523491,electricity,69000,Wh,188,Wh/km,0.95,6130,W,0.9,6130,W,0,20011523491,20011523491
20011523871,electricity,69000,Wh,188,Wh/km,0.95,6130,W,0.9,6130,W,0,20011523871,20011523871
20011524391,electricity,38000,Wh,153,Wh/km,0.95,6130,W,0.9,6130,W,0,20011524391,20011524391
20011524411,electricity,69000,Wh,188,Wh/km,0.95,6130,W,0.9,6130,W,0,20011524411,20011524411
20011525331,electricity,69000,Wh,188,Wh/km,0.95,6130,W,0.9,6130,W,0,20011525331,20011525331
20011525332,electricity,38000,Wh,153,Wh/km,0.95,6130,W,0.9,6130,W,0,20011525332,20011525332
20011526491,electricity,69000,Wh,188,Wh/km,0.95,6130,W,0.9,6130,W,0,20011526491,20011526491
20011526791,electricity,69000,Wh,188,Wh/km,0.95,6130,W,0.9,6130,W,0,20011526791,20011526791
20011526792,electricity,69000,Wh,188,Wh/km,0.95,6130,W,0.9,6130,W,0,20011526792,20011526792
20011526991,electricity,100000,Wh,203,Wh/km,0.95,6130,W,0.9,6130,W,0,20011526991,20011526991
20011526992,electricity,38000,Wh,153,Wh/km,0.95,6130,W,0.9,6130,W,0,20011526992,20011526992
20011527051,electricity,38000,Wh,153,Wh/km,0.95,6130,W,0.9,6130,W,0,20011527051,20011527051
20011527911,electricity,69000,Wh,188,Wh/km,0.95,6130,W,0.9,6130,W,0,20011527911,20011527911
20011529391,electricity,69000,Wh,188,Wh/km,0.95,6130,W,0.9,6130,W,0,20011529391,20011529391
20011529411,electricity,38000,Wh,153,Wh/km,0.95,6130,W,0.9,6130,W,0,20011529411,20011529411
20011529551,electricity,69000,Wh,188,Wh/km,0.95,6130,W,0.9,6130,W,0,20011529551,20011529551
20011530571,electricity,69000,Wh,188,Wh/km,0.95,6130,W,0.9,6130,W,0,20011530571,20011530571
20011530891,electricity,69000,Wh,188,Wh/km,0.95,6130,W,0.9,6130,W,0,20011530891,20011530891
20011530991,electricity,69000,Wh,188,Wh/km,0.95,6130,W,0.9,6130,W,0,20011530991,20011530991
20011531051,electricity,38000,Wh,153,Wh/km,0.95,6130,W,0.9,6130,W,0,20011531051,20011531051
20011531052,electricity,100000,Wh,203,Wh/km,0.95,6130,W,0.9,6130,W,0,20011531052,20011531052
20011531071,electricity,69000,Wh,188,Wh/km,0.95,6130,W,0.9,6130,W,0,20011531071,20011531071
20011531711,electricity,69000,Wh,188,Wh/km,0.95,6130,W,0.9,6130,W,0,20011531711,20011531711
20011531791,electricity,69000,Wh,188,Wh/km,0.95,6130,W,0.9,6130,W,0,20011531791,20011531791
20011532311,electricity,69000,Wh,188,Wh/km,0.95,6130,W,0.9,6130,W,0,20011532311,20011532311
20011532312,electricity,38000,Wh,153,Wh/km,0.95,6130,W,0.9,6130,W,0,20011532312,20011532312
20011532411,electricity,69000,Wh,188,Wh/km,0.95,6130,W,0.9,6130,W,0,20011532411,20011532411
20011533251,electricity,69000,Wh,188,Wh/km,0.95,6130,W,0.9,6130,W,0,20011533251,20011533251
20011533691,electricity,69000,Wh,188,Wh/km,0.95,6130,W,0.9,6130,W,0,20011533691,20011533691
20011534211,electricity,100000,Wh,203,Wh/km,0.95,6130,W,0.9,6130,W,0,20011534211,20011534211
20011534212,electricity,38000,Wh,153,Wh/km,0.95,6130,W,0.9,6130,W,0,20011534212,20011534212
20011534431,electricity,69000,Wh,188,Wh/km,0.95,6130,W,0.9,6130,W,0,20011534431,20011534431
20011534691,electricity,69000,Wh,188,Wh/km,0.95,6130,W,0.9,6130,W,0,20011534691,20011534691
20011534871,electricity,69000,Wh,188,Wh/km,0.95,6130,W,0.9,6130,W,0,20011534871,20011534871
20011534872,electricity,69000,Wh,188,Wh/km,0.95,6130,W,0.9,6130,W,0,20011534872,20011534872
20011534931,electricity,69000,Wh,188,Wh/km,0.95,6130,W,0.9,6130,W,0,20011534931,20011534931
20011534932,electricity,38000,Wh,153,Wh/km,0.95,6130,W,0.9,6130,W,0,20011534932,20011534932
20011534991,electricity,38000,Wh,153,Wh/km,0.95,6130,W,0.9,6130,W,0,20011534991,20011534991
20011535291,electricity,69000,Wh,188,Wh/km,0.95,6130,W,0.9,6130,W,0,20011535291,20011535291
20011535751,electricity,69000,Wh,188,Wh/km,0.95,6130,W,0.9,6130,W,0,20011535751,20011535751
20011537591,electricity,69000,Wh,188,Wh/km,0.95,6130,W,0.9,6130,W,0,20011537591,20011537591
20011538131,electricity,69000,Wh,188,Wh/km,0.95,6130,W,0.9,6130,W,0,20011538131,20011538131
20011538132,electricity,69000,Wh,188,Wh/km,0.95,6130,W,0.9,6130,W,0,20011538132,20011538132
20011538531,electricity,69000,Wh,188,Wh/km,0.95,6130,W,0.9,6130,W,0,20011538531,20011538531
20011538532,electricity,38000,Wh,153,Wh/km,0.95,6130,W,0.9,6130,W,0,20011538532,20011538532
20011538931,electricity,69000,Wh,188,Wh/km,0.95,6130,W,0.9,6130,W,0,20011538931,20011538931
20011539231,electricity,100000,Wh,203,Wh/km,0.95,6130,W,0.9,6130,W,0,20011539231,20011539231
20011539232,electricity,69000,Wh,188,Wh/km,0.95,6130,W,0.9,6130,W,0,20011539232,20011539232
20011539611,electricity,69000,Wh,188,Wh/km,0.95,6130,W,0.9,6130,W,0,20011539611,20011539611
20011539991,electricity,69000,Wh,188,Wh/km,0.95,6130,W,0.9,6130,W,0,20011539991,20011539991
20011540111,electricity,69000,Wh,188,Wh/km,0.95,6130,W,0.9,6130,W,0,20011540111,20011540111
20011548371,electricity,69000,Wh,188,Wh/km,0.95,6130,W,0.9,6130,W,0,20011548371,20011548371
20015100071,electricity,69000,Wh,188,Wh/km,0.95,6130,W,0.9,6130,W,0,20015100071,20015100071
20015100231,electricity,69000,Wh,188,Wh/km,0.95,6130,W,0.9,6130,W,0,20015100231,20015100231
20015100311,electricity,69000,Wh,188,Wh/km,0.95,6130,W,0.9,6130,W,0,20015100311,20015100311
20015100331,electricity,69000,Wh,188,Wh/km,0.95,6130,W,0.9,6130,W,0,20015100331,20015100331
20015100431,electricity,100000,Wh,203,Wh/km,0.95,6130,W,0.9,6130,W,0,20015100431,20015100431
20015100511,electricity,38000,Wh,153,Wh/km,0.95,6130,W,0.9,6130,W,0,20015100511,20015100511
20015100572,electricity,38000,Wh,153,Wh/km,0.95,6130,W,0.9,6130,W,0,20015100572,20015100572
20015100851,electricity,69000,Wh,188,Wh/km,0.95,6130,W,0.9,6130,W,0,20015100851,20015100851
20015101231,electricity,69000,Wh,188,Wh/km,0.95,6130,W,0.9,6130,W,0,20015101231,20015101231
20015101311,electricity,69000,Wh,188,Wh/km,0.95,6130,W,0.9,6130,W,0,20015101311,20015101311
20015101791,electricity,38000,Wh,153,Wh/km,0.95,6130,W,0.9,6130,W,0,20015101791,20015101791
20015102051,electricity,100000,Wh,203,Wh/km,0.95,6130,W,0.9,6130,W,0,20015102051,20015102051
20015102131,electricity,69000,Wh,188,Wh/km,0.95,6130,W,0.9,6130,W,0,20015102131,20015102131
20015102271,electricity,100000,Wh,203,Wh/km,0.95,6130,W,0.9,6130,W,0,20015102271,20015102271
20015102272,electricity,69000,Wh,188,Wh/km,0.95,6130,W,0.9,6130,W,0,20015102272,20015102272
20015102411,electricity,69000,Wh,188,Wh/km,0.95,6130,W,0.9,6130,W,0,20015102411,20015102411
20015102591,electricity,38000,Wh,153,Wh/km,0.95,6130,W,0.9,6130,W,0,20015102591,20015102591
20015102871,electricity,69000,Wh,188,Wh/km,0.95,6130,W,0.9,6130,W,0,20015102871,20015102871
20015102891,electricity,38000,Wh,153,Wh/km,0.95,6130,W,0.9,6130,W,0,20015102891,20015102891
20015103251,electricity,69000,Wh,188,Wh/km,0.95,6130,W,0.9,6130,W,0,20015103251,20015103251
20015103391,electricity,69000,Wh,188,Wh/km,0.95,6130,W,0.9,6130,W,0,20015103391,20015103391
20015103591,electricity,100000,Wh,203,Wh/km,0.95,6130,W,0.9,6130,W,0,20015103591,20015103591
20015103592,electricity,100000,Wh,203,Wh/km,0.95,6130,W,0.9,6130,W,0,20015103592,20015103592
20015103691,electricity,69000,Wh,188,Wh/km,0.95,6130,W,0.9,6130,W,0,20015103691,20015103691
20015103731,electricity,69000,Wh,188,Wh/km,0.95,6130,W,0.9,6130,W,0,20015103731,20015103731
20015103732,electricity,38000,Wh,153,Wh/km,0.95,6130,W,0.9,6130,W,0,20015103732,20015103732
20015103811,electricity,69000,Wh,188,Wh/km,0.95,6130,W,0.9,6130,W,0,20015103811,20015103811
20015103851,electricity,69000,Wh,188,Wh/km,0.95,6130,W,0.9,6130,W,0,20015103851,20015103851
20015103871,electricity,38000,Wh,153,Wh/km,0.95,6130,W,0.9,6130,W,0,20015103871,20015103871
20015103911,electricity,69000,Wh,188,Wh/km,0.95,6130,W,0.9,6130,W,0,20015103911,20015103911
20015103912,electricity,69000,Wh,188,Wh/km,0.95,6130,W,0.9,6130,W,0,20015103912,20015103912
20015103991,electricity,38000,Wh,153,Wh/km,0.95,6130,W,0.9,6130,W,0,20015103991,20015103991
20015104611,electricity,38000,Wh,153,Wh/km,0.95,6130,W,0.9,6130,W,0,20015104611,20015104611
20015105031,electricity,69000,Wh,188,Wh/km,0.95,6130,W,0.9,6130,W,0,20015105031,20015105031
20015105051,electricity,69000,Wh,188,Wh/km,0.95,6130,W,0.9,6130,W,0,20015105051,20015105051
20015105052,electricity,38000,Wh,153,Wh/km,0.95,6130,W,0.9,6130,W,0,20015105052,20015105052
20015105071,electricity,69000,Wh,188,Wh/km,0.95,6130,W,0.9,6130,W,0,20015105071,20015105071
20015105211,electricity,38000,Wh,153,Wh/km,0.95,6130,W,0.9,6130,W,0,20015105211,20015105211
20015105491,electricity,38000,Wh,153,Wh/km,0.95,6130,W,0.9,6130,W,0,20015105491,20015105491
20015105591,electricity,69000,Wh,188,Wh/km,0.95,6130,W,0.9,6130,W,0,20015105591,20015105591
20015105691,electricity,69000,Wh,188,Wh/km,0.95,6130,W,0.9,6130,W,0,20015105691,20015105691
20015300091,electricity,38000,Wh,153,Wh/km,0.95,6130,W,0.9,6130,W,0,20015300091,20015300091
20015300151,electricity,69000,Wh,188,Wh/km,0.95,6130,W,0.9,6130,W,0,20015300151,20015300151
20015300171,electricity,69000,Wh,188,Wh/km,0.95,6130,W,0.9,6130,W,0,20015300171,20015300171
20015300191,electricity,69000,Wh,188,Wh/km,0.95,6130,W,0.9,6130,W,0,20015300191,20015300191
20015300271,electricity,38000,Wh,153,Wh/km,0.95,6130,W,0.9,6130,W,0,20015300271,20015300271
