bc_index;building_categories_index;climate_region_index;Af;gebaudebauweise_fbw;Hop;Htr_w;Hve;CM_factor;Am_factor;Tset;average_effective_area_wind_west_east_red_cool;average_effective_area_wind_south_red_cool;average_effective_area_wind_north_red_cool;spec_int_gains_cool_watt;hwb_norm;user_profile
1;2;1;128.913;60;240.811;88.427;36.467;398415.375;3.5;20;8.377;4.487;2.094;3.4;201.252;1
2;2;1;128.913;60;252.762;76.606;36.467;398415.375;3.5;20;8.377;4.487;2.094;3.4;201.251;1
3;2;1;128.913;60;258.023;70.397;36.467;398415.375;3.5;20;8.377;4.487;2.094;3.4;201.247;1
4;2;1;128.913;60;201.648;72.368;36.467;398415.375;3.5;20;8.377;4.487;2.094;3.4;161.786;1
5;2;1;128.913;60;238.716;90.052;36.467;398415.375;3.5;20;8.377;4.487;2.094;3.4;201.25;1
6;2;1;128.913;60;250.917;77.96;36.467;398415.375;3.5;20;8.377;4.487;2.094;3.4;201.249;1
7;2;1;128.913;60;258.023;70.397;36.467;398415.375;3.5;20;8.377;4.487;2.094;3.4;201.247;1
8;2;1;128.913;60;170.572;61.215;36.467;398415.375;3.5;20;8.377;4.487;2.094;3.4;132.061;1
9;2;1;135.654;50;299.38;105.921;38.374;338121.656;3.5;20;8.593;4.603;2.148;3.4;243.724;1
10;2;1;135.654;50;313.605;91.851;38.374;338121.656;3.5;20;8.593;4.603;2.148;3.4;243.724;1
11;2;1;135.654;50;319.883;84.396;38.374;338121.656;3.5;20;8.593;4.603;2.148;3.4;243.722;1
12;2;1;135.654;50;209.071;74.436;38.374;338121.656;3.5;20;8.593;4.603;2.148;3.4;160.162;1
13;2;1;135.654;50;296.915;107.803;38.374;338121.656;3.5;20;8.593;4.603;2.148;3.4;243.723;1
14;2;1;135.654;50;311.437;93.412;38.374;338121.656;3.5;20;8.593;4.603;2.148;3.4;243.723;1
15;2;1;135.654;50;319.883;84.396;38.374;338121.656;3.5;20;8.593;4.603;2.148;3.4;243.722;1
16;2;1;135.654;50;193.835;69.012;38.374;338121.656;3.5;20;8.593;4.603;2.148;3.4;146.24;1
17;2;1;144.252;30;286.131;107.24;40.806;213505.516;3;20;8.146;4.364;2.037;3.4;226.858;1
18;2;1;144.252;30;300.659;92.857;40.806;213505.516;3;20;8.146;4.364;2.037;3.4;226.857;1
19;2;1;144.252;30;308.846;84.084;40.806;213505.516;3;20;8.146;4.364;2.037;3.4;226.856;1
20;2;1;144.252;30;191.025;62.207;40.806;213505.516;3;20;8.146;4.364;2.037;3.4;136.121;1
21;2;1;154.111;30;206.633;81.917;43.595;213505.516;3;20;8.42;4.511;2.105;3.4;148.048;1
22;2;1;154.111;30;217.794;70.847;43.595;213505.516;3;20;8.42;4.511;2.105;3.4;148.055;1
23;2;1;154.111;30;217.033;71.956;43.595;213505.516;3;20;8.42;4.511;2.105;3.4;148.042;1
24;2;1;154.111;30;153.329;64.398;43.595;213505.516;3;20;8.42;4.511;2.105;3.4;105.937;1
25;2;1;163.28;30;210.663;94.412;46.189;213505.516;3;20;8.819;4.724;2.205;3.4;148.061;1
26;2;1;163.28;30;219.905;85.239;46.189;213505.516;3;20;8.819;4.724;2.205;3.4;148.06;1
27;2;1;163.28;30;229.994;75.223;46.189;213505.516;3;20;8.819;4.724;2.205;3.4;148.059;1
28;2;1;163.28;30;162.404;67.927;46.189;213505.516;3;20;8.819;4.724;2.205;3.4;105.949;1
29;2;1;165.929;30;143.563;76.518;46.938;213505.516;3;20;8.89;4.763;2.223;3.4;98.726;1
30;2;1;165.929;30;150.687;69.441;46.938;213505.516;3;20;8.89;4.763;2.223;3.4;98.724;1
31;2;1;165.929;30;144.01;66.364;46.938;213505.516;3;20;8.89;4.763;2.223;3.4;93.462;1
32;2;1;169.555;25;121.403;69.109;47.964;181194.891;2.833;20;6.419;3.439;1.605;3.4;88.867;1
33;2;1;169.555;25;123.726;66.802;47.964;181194.891;2.833;20;6.419;3.439;1.605;3.4;88.866;1
34;2;1;169.555;15;95.219;54.163;47.964;114414.766;2.5;20;6.419;3.439;1.605;3.4;69.129;1
35;2;1;169.555;15;89.137;60.263;47.964;114414.766;2.5;20;6.419;3.439;1.605;3.4;69.121;1
36;3;1;255.269;60;463.245;158.809;72.21;398415.375;3.5;20;12.227;6.55;3.057;3.4;200.629;1
37;3;1;255.269;60;484.499;137.861;72.21;398415.375;3.5;20;12.227;6.55;3.057;3.4;200.629;1
38;3;1;255.269;60;492.102;127.93;72.21;398415.375;3.5;20;12.227;6.55;3.057;3.4;200.627;1
39;3;1;255.269;60;380.146;124.648;72.21;398415.375;3.5;20;12.227;6.55;3.057;3.4;157.971;1
40;3;1;255.269;60;458.516;162.387;72.21;398415.375;3.5;20;12.227;6.55;3.057;3.4;200.628;1
41;3;1;255.269;60;480.348;140.819;72.21;398415.375;3.5;20;12.227;6.55;3.057;3.4;200.628;1
42;3;1;255.269;60;492.102;127.93;72.21;398415.375;3.5;20;12.227;6.55;3.057;3.4;200.627;1
43;3;1;255.269;60;325.094;106.596;72.21;398415.375;3.5;20;12.227;6.55;3.057;3.4;131.643;1
44;3;1;231.788;50;500.659;169.36;65.568;338121.656;3.5;20;11.651;6.242;2.913;3.4;242.599;1
45;3;1;231.788;50;523.247;147.078;65.568;338121.656;3.5;20;11.651;6.242;2.913;3.4;242.598;1
46;3;1;231.788;50;531.803;136.13;65.568;338121.656;3.5;20;11.651;6.242;2.913;3.4;242.597;1
47;3;1;231.788;50;349.984;116.739;65.568;338121.656;3.5;20;11.651;6.242;2.913;3.4;160.491;1
48;3;1;231.788;50;495.932;172.905;65.568;338121.656;3.5;20;11.651;6.242;2.913;3.4;242.598;1
49;3;1;231.788;50;519.096;150.004;65.568;338121.656;3.5;20;11.651;6.242;2.913;3.4;242.598;1
50;3;1;231.788;50;531.803;136.13;65.568;338121.656;3.5;20;11.651;6.242;2.913;3.4;242.597;1
51;3;1;231.788;50;321.862;107.359;65.568;338121.656;3.5;20;11.651;6.242;2.913;3.4;145.56;1
52;3;1;231.004;30;451.819;160.99;65.346;213505.516;3;20;10.693;5.728;2.673;3.4;225.74;1
53;3;1;231.004;30;473.483;139.582;65.346;213505.516;3;20;10.693;5.728;2.673;3.4;225.739;1
54;3;1;231.004;30;485.059;126.924;65.346;213505.516;3;20;10.693;5.728;2.673;3.4;225.739;1
55;3;1;231.004;30;299.112;91.525;65.346;213505.516;3;20;10.693;5.728;2.673;3.4;135.447;1
56;3;1;249.357;30;327.133;123.425;70.538;213505.516;3;20;11.11;5.952;2.777;3.4;147.354;1
57;3;1;249.357;30;343.869;106.855;70.538;213505.516;3;20;11.11;5.952;2.777;3.4;147.354;1
58;3;1;249.357;30;344.146;107.168;70.538;213505.516;3;20;11.11;5.952;2.777;3.4;147.35;1
59;3;1;249.357;30;242.141;95.268;70.538;213505.516;3;20;11.11;5.952;2.777;3.4;105.439;1
60;3;1;271.532;30;343.063;145.72;76.811;213505.516;3;20;11.797;6.32;2.949;3.4;147.425;1
61;3;1;271.532;30;357.318;131.594;76.811;213505.516;3;20;11.797;6.32;2.949;3.4;147.424;1
62;3;1;271.532;30;372.81;116.243;76.811;213505.516;3;20;11.797;6.32;2.949;3.4;147.424;1
63;3;1;271.532;30;263.497;102.636;76.811;213505.516;3;20;11.797;6.32;2.949;3.4;105.491;1
64;3;1;280.606;30;235.694;118.933;79.378;213505.516;3;20;11.992;6.424;2.998;3.4;98.319;1
65;3;1;280.606;30;246.82;107.904;79.378;213505.516;3;20;11.992;6.424;2.998;3.4;98.318;1
66;3;1;280.606;30;235.519;102.963;79.378;213505.516;3;20;11.992;6.424;2.998;3.4;93.076;1
67;3;1;287.168;25;201.653;107.625;81.234;181194.891;2.833;20;8.665;4.642;2.166;3.4;88.509;1
68;3;1;287.168;25;205.303;104.008;81.234;181194.891;2.833;20;8.665;4.642;2.166;3.4;88.509;1
69;3;1;287.168;15;157.197;84.211;81.234;114414.766;2.5;20;8.665;4.642;2.166;3.4;68.846;1
70;3;1;287.168;15;147.95;93.511;81.234;114414.766;2.5;20;8.665;4.642;2.166;3.4;68.841;1
71;5;1;587.445;60;854.894;335.076;166.176;398415.375;3.5;20;22.246;13.347;8.898;3.4;169.856;31
72;5;1;587.445;60;900.675;289.911;166.176;398415.375;3.5;20;22.246;13.347;8.898;3.4;169.855;31
73;5;1;587.445;60;919.366;267.133;166.176;398415.375;3.5;20;22.246;13.347;8.898;3.4;169.854;31
74;5;1;587.445;60;722.772;273.481;166.176;398415.375;3.5;20;22.246;13.347;8.898;3.4;139.141;31
75;5;1;587.445;60;845.965;341.971;166.176;398415.375;3.5;20;22.246;13.347;8.898;3.4;169.855;31
76;5;1;587.445;60;892.762;295.701;166.176;398415.375;3.5;20;22.246;13.347;8.898;3.4;169.855;31
77;5;1;587.445;60;919.366;267.133;166.176;398415.375;3.5;20;22.246;13.347;8.898;3.4;169.854;31
78;5;1;587.445;60;599.592;226.872;166.176;398415.375;3.5;20;22.246;13.347;8.898;3.4;112.482;31
79;5;1;463.329;50;676.272;261.18;131.066;338121.656;3.5;20;18.594;11.156;7.438;3.4;168.895;31
80;5;1;463.329;50;711.855;226.026;131.066;338121.656;3.5;20;18.594;11.156;7.438;3.4;168.894;31
81;5;1;463.329;50;727.261;207.699;131.066;338121.656;3.5;20;18.594;11.156;7.438;3.4;168.893;31
82;5;1;463.329;50;561.836;216.876;131.066;338121.656;3.5;20;18.594;11.156;7.438;3.4;136.927;31
83;5;1;463.329;50;669.856;266.143;131.066;338121.656;3.5;20;18.594;11.156;7.438;3.4;168.894;31
84;5;1;463.329;50;706.179;230.185;131.066;338121.656;3.5;20;18.594;11.156;7.438;3.4;168.894;31
85;5;1;463.329;50;727.261;207.699;131.066;338121.656;3.5;20;18.594;11.156;7.438;3.4;168.893;31
86;5;1;463.329;50;458.131;176.844;131.066;338121.656;3.5;20;18.594;11.156;7.438;3.4;108.375;31
87;5;1;455.056;30;578.89;236.616;128.726;213505.516;3;20;16.412;9.847;6.565;3.4;151.843;31
88;5;1;455.056;30;611.29;204.564;128.726;213505.516;3;20;16.412;9.847;6.565;3.4;151.842;31
89;5;1;455.056;30;629.539;185.048;128.726;213505.516;3;20;16.412;9.847;6.565;3.4;151.842;31
90;5;1;455.056;30;406.632;142.992;128.726;213505.516;3;20;16.412;9.847;6.565;3.4;97.435;31
91;5;1;521.004;30;612.433;262.682;147.382;213505.516;3;20;17.561;10.537;7.024;3.4;142.765;31
92;5;1;521.004;30;648.512;226.964;147.382;213505.516;3;20;17.561;10.537;7.024;3.4;142.764;31
93;5;1;521.004;30;647.507;229.167;147.382;213505.516;3;20;17.561;10.537;7.024;3.4;142.763;31
94;5;1;521.004;30;402.163;181.645;147.382;213505.516;3;20;17.561;10.537;7.024;3.4;90.734;31
95;5;1;571.499;30;644.968;312.28;161.666;213505.516;3;20;18.715;11.229;7.486;3.4;142.969;31
96;5;1;571.499;30;675.569;281.959;161.666;213505.516;3;20;18.715;11.229;7.486;3.4;142.969;31
97;5;1;571.499;30;709.218;248.618;161.666;213505.516;3;20;18.715;11.229;7.486;3.4;142.969;31
98;5;1;571.499;30;441.396;197.121;161.666;213505.516;3;20;18.715;11.229;7.486;3.4;90.864;31
99;5;1;576.601;30;499.774;289.75;163.109;213505.516;3;20;18.798;11.279;7.519;3.4;114.394;31
100;5;1;576.601;30;526.584;263.188;163.109;213505.516;3;20;18.798;11.279;7.519;3.4;114.394;31
101;5;1;576.601;30;388.63;194.238;163.109;213505.516;3;20;18.798;11.279;7.519;3.4;81.347;31
102;5;1;542.417;25;368.602;230.869;153.439;181194.891;2.833;20;13.023;7.814;5.209;3.4;95.208;31
103;5;1;542.417;25;263.638;156.454;153.439;181194.891;2.833;20;13.023;7.814;5.209;3.4;64.743;31
104;5;1;545.691;15;261.248;163.588;154.365;114414.766;2.5;20;13.062;7.837;5.225;3.4;66.656;31
105;5;1;545.691;15;243.48;181.437;154.365;114414.766;2.5;20;13.062;7.837;5.225;3.4;66.654;31
106;6;1;1663.623;60;1910.669;747.536;470.606;398415.375;3.5;20;45.755;27.453;18.302;3.4;136.546;31
107;6;1;1663.623;60;2012.83;646.812;470.606;398415.375;3.5;20;45.755;27.453;18.302;3.4;136.545;31
108;6;1;1663.623;60;2053.414;596.734;470.606;398415.375;3.5;20;45.755;27.453;18.302;3.4;136.545;31
109;6;1;1663.623;60;1708.23;643.034;470.606;398415.375;3.5;20;45.755;27.453;18.302;3.4;119.384;31
110;6;1;1663.623;60;1890.097;763.384;470.606;398415.375;3.5;20;45.755;27.453;18.302;3.4;136.545;31
111;6;1;1663.623;60;1994.595;660.118;470.606;398415.375;3.5;20;45.755;27.453;18.302;3.4;136.545;31
112;6;1;1663.623;60;2053.414;596.734;470.606;398415.375;3.5;20;45.755;27.453;18.302;3.4;136.545;31
113;6;1;1663.623;60;1347.035;507.068;470.606;398415.375;3.5;20;45.755;27.453;18.302;3.4;91.788;31
114;6;1;1330.902;50;1225.635;472.08;376.486;338121.656;3.5;20;38.517;23.11;15.407;3.4;106.102;31
115;6;1;1330.902;50;1289.928;408.559;376.486;338121.656;3.5;20;38.517;23.11;15.407;3.4;106.102;31
116;6;1;1330.902;50;1317.187;376.008;376.486;338121.656;3.5;20;38.517;23.11;15.407;3.4;106.1;31
117;6;1;1330.902;50;1333.909;511.237;376.486;338121.656;3.5;20;38.517;23.11;15.407;3.4;116.371;31
118;6;1;1330.902;50;1213.673;481.411;376.486;338121.656;3.5;20;38.517;23.11;15.407;3.4;106.102;31
119;6;1;1330.902;50;1279.362;416.38;376.486;338121.656;3.5;20;38.517;23.11;15.407;3.4;106.101;31
120;6;1;1330.902;50;1317.187;376.008;376.486;338121.656;3.5;20;38.517;23.11;15.407;3.4;106.1;31
121;6;1;1330.902;50;936.846;359.058;376.486;338121.656;3.5;20;38.517;23.11;15.407;3.4;78.515;31
122;6;1;1376.532;30;1102.067;443.836;389.393;213505.516;3;20;34.887;20.932;13.955;3.4;95.447;31
123;6;1;1376.532;30;1162.767;383.801;389.393;213505.516;3;20;34.887;20.932;13.955;3.4;95.447;31
124;6;1;1376.532;30;1196.446;347.666;389.393;213505.516;3;20;34.887;20.932;13.955;3.4;95.446;31
125;6;1;1376.532;30;873.089;301.114;389.393;213505.516;3;20;34.887;20.932;13.955;3.4;70.633;31
126;6;1;1539.536;30;1094.611;464.694;435.504;213505.516;3;20;36.895;22.137;14.758;3.4;86.098;31
127;6;1;1539.536;30;1158.393;401.547;435.504;213505.516;3;20;36.895;22.137;14.758;3.4;86.098;31
128;6;1;1539.536;30;1158.104;403.883;435.504;213505.516;3;20;36.895;22.137;14.758;3.4;86.096;31
129;6;1;1539.536;30;864.294;384.563;435.504;213505.516;3;20;36.895;22.137;14.758;3.4;67.601;31
130;6;1;1721.229;30;1174.766;561.259;486.901;213505.516;3;20;39.696;23.818;15.878;3.4;86.25;31
131;6;1;1721.229;30;1229.78;506.749;486.901;213505.516;3;20;39.696;23.818;15.878;3.4;86.25;31
132;6;1;1721.229;30;1290.199;446.882;486.901;213505.516;3;20;39.696;23.818;15.878;3.4;86.25;31
133;6;1;1721.229;30;966.99;423.625;486.901;213505.516;3;20;39.696;23.818;15.878;3.4;67.721;31
134;6;1;1765.934;30;1015.452;579.8;499.548;213505.516;3;20;40.208;24.125;16.083;3.4;76.703;31
135;6;1;1765.934;30;1069.202;526.562;499.548;213505.516;3;20;40.208;24.125;16.083;3.4;76.702;31
136;6;1;1765.934;30;911.596;448.944;499.548;213505.516;3;20;40.208;24.125;16.083;3.4;64.558;31
137;6;1;1661.908;25;780.018;479.897;470.12;181194.891;2.833;20;27.861;16.717;11.145;3.4;67.036;31
138;6;1;1661.908;25;697.238;406.515;470.12;181194.891;2.833;20;27.861;16.717;11.145;3.4;58.417;31
139;6;1;1661.908;15;550.305;339.353;470.12;114414.766;2.5;20;27.861;16.717;11.145;3.4;47.885;31
140;6;1;1661.908;15;513.694;376.132;470.12;114414.766;2.5;20;27.861;16.717;11.145;3.4;47.883;31
141;16;1;648;30;1415.07;220.99;199.659;213505.516;3;20;15.076;9.046;6.03;20.88;205.826;15
142;16;1;648;30;1388.014;226.671;199.659;213505.516;3;20;15.076;9.046;6.03;20.88;205.848;15
143;16;1;648;30;1016.972;180.918;199.659;213505.516;3;20;15.076;9.046;6.03;20.88;146.333;15
144;16;1;648;30;1415.07;220.99;199.659;213505.516;3;20;15.076;9.046;6.03;20.88;205.826;15
145;16;1;648;30;1388.014;226.671;199.659;213505.516;3;20;15.076;9.046;6.03;20.88;205.848;15
146;16;1;648;30;870.539;154.867;199.659;213505.516;3;20;15.076;9.046;6.03;20.88;122.263;15
147;16;1;648;30;1415.07;220.99;199.659;213505.516;3;20;15.076;9.046;6.03;20.88;205.826;15
148;16;1;648;30;1415.07;220.99;199.659;213505.516;3;20;15.076;9.046;6.03;20.88;205.826;15
149;16;1;648;30;1388.014;226.671;199.659;213505.516;3;20;15.076;9.046;6.03;20.88;205.848;15
150;16;1;648;30;870.539;154.867;199.659;213505.516;3;20;15.076;9.046;6.03;20.88;122.263;15
151;16;1;648;30;1415.07;220.99;199.659;213505.516;3;20;15.076;9.046;6.03;20.88;205.826;15
152;16;1;648;30;1415.07;220.99;199.659;213505.516;3;20;15.076;9.046;6.03;20.88;205.826;15
153;16;1;648;30;1388.014;226.671;199.659;213505.516;3;20;15.076;9.046;6.03;20.88;205.848;15
154;16;1;648;30;868.521;156.025;199.659;213505.516;3;20;15.076;9.046;6.03;20.88;122.263;15
155;16;1;648;30;1080.745;213.115;199.659;213505.516;3;20;15.076;9.046;6.03;20.88;158.831;15
156;16;1;648;30;1109.951;184.549;199.659;213505.516;3;20;15.076;9.046;6.03;20.88;158.828;15
157;16;1;648;30;774.194;137.728;199.659;213505.516;3;20;15.076;9.046;6.03;20.88;106.585;15
158;16;1;648;30;846.736;223.696;199.659;213505.516;3;20;15.076;9.046;6.03;20.88;127.445;15
159;16;1;648;30;589.157;135.283;199.659;213505.516;3;20;15.076;9.046;6.03;20.88;80.4;15
160;16;1;648;30;769.871;264.189;199.659;213505.516;3;20;10.769;6.461;4.307;20.88;127.544;15
161;16;1;648;30;510.901;183.755;199.659;213505.516;3;20;10.769;6.461;4.307;20.88;80.44;15
162;20;1;5460.696;30;8554.874;2864.922;2529.482;213505.516;3;20;100.931;60.559;40.372;17.92;172.137;11
163;20;1;5460.696;30;9088.411;2300.903;2529.482;213505.516;3;20;100.931;60.559;40.372;17.92;172.136;11
164;20;1;5460.696;30;6474.25;2099.884;2529.482;213505.516;3;20;100.931;60.559;40.372;17.92;123.905;11
165;20;1;5460.696;30;8610.66;2786.029;2529.482;213505.516;3;20;100.931;60.559;40.372;17.92;172.138;11
166;20;1;5460.696;30;9047.235;2344.418;2529.482;213505.516;3;20;100.931;60.559;40.372;17.92;172.136;11
167;20;1;5460.696;30;5524.098;1702.153;2529.482;213505.516;3;20;100.931;60.559;40.372;17.92;101.507;11
168;20;1;5460.696;30;8424.641;2980.407;2529.482;213505.516;3;20;100.931;60.559;40.372;17.92;172.136;11
169;20;1;5460.696;30;8824.592;2584.434;2529.482;213505.516;3;20;100.931;60.559;40.372;17.92;172.136;11
170;20;1;5460.696;30;9047.235;2344.418;2529.482;213505.516;3;20;100.931;60.559;40.372;17.92;172.136;11
171;20;1;5460.696;30;5524.098;1702.153;2529.482;213505.516;3;20;100.931;60.559;40.372;17.92;101.507;11
172;20;1;5460.696;30;8485.324;2758.154;1390.25;213505.516;3;20;89.716;53.83;35.887;17.92;151.426;11
173;20;1;5460.696;30;8688.18;2557.464;1390.25;213505.516;3;20;89.716;53.83;35.887;17.92;151.426;11
174;20;1;5460.696;30;8901.219;2326.214;1390.25;213505.516;3;20;89.716;53.83;35.887;17.92;151.426;11
175;20;1;5460.696;30;5726.401;1807.042;1390.25;213505.516;3;20;89.716;53.83;35.887;17.92;89.271;11
176;20;1;5460.696;30;7968.032;2590.008;1390.25;213505.516;3;20;89.716;53.83;35.887;17.92;139.776;11
177;20;1;5460.696;30;8427.055;2135.779;1390.25;213505.516;3;20;89.716;53.83;35.887;17.92;139.774;11
178;20;1;5460.696;30;5564.156;1735.582;1390.25;213505.516;3;20;89.716;53.83;35.887;17.92;85.387;11
179;20;1;5460.696;25;5645.556;2958.232;1390.25;181194.891;2.833;20;64.083;38.45;25.633;17.92;110.633;11
180;20;1;5460.696;25;5407.218;3191.793;1390.25;181194.891;2.833;20;64.083;38.45;25.633;17.92;110.638;11
181;20;1;5460.696;25;3293.88;2113.444;1390.25;181194.891;2.833;20;64.083;38.45;25.633;17.92;58.138;11
182;24;1;5684.89;30;7594.328;2273.61;8040.707;213505.516;3;20;89.014;53.408;35.606;16.52;271.655;8
183;24;1;5684.89;30;7974.771;1857.567;8040.707;213505.516;3;20;89.014;53.408;35.606;16.52;271.655;8
184;24;1;5684.89;30;5598.381;1586.794;8040.707;213505.516;3;20;89.014;53.408;35.606;16.52;218.991;8
185;24;1;5684.89;30;7834.646;2049.917;8040.707;213505.516;3;20;89.014;53.408;35.606;16.52;271.655;8
186;24;1;5684.89;30;8005.123;1824.364;8040.707;213505.516;3;20;89.014;53.408;35.606;16.52;271.655;8
187;24;1;5684.89;30;4488.268;1272.146;8040.707;213505.516;3;20;89.014;53.408;35.606;16.52;191.165;8
188;24;1;5684.89;30;7883.548;1994.604;8040.707;213505.516;3;20;89.014;53.408;35.606;16.52;271.655;8
189;24;1;5684.89;30;8018.836;1861.521;8040.707;213505.516;3;20;89.014;53.408;35.606;16.52;271.655;8
190;24;1;5684.89;30;8005.123;1824.364;8040.707;213505.516;3;20;89.014;53.408;35.606;16.52;271.655;8
191;24;1;5684.89;30;4488.268;1272.146;8040.707;213505.516;3;20;89.014;53.408;35.606;16.52;191.165;8
192;24;1;5684.89;30;11932.283;3574.554;2452.416;213505.516;3;20;89.014;53.408;35.606;16.52;271.653;8
193;24;1;5684.89;30;12190.353;3320.115;2452.416;213505.516;3;20;89.014;53.408;35.606;16.52;271.653;8
194;24;1;5684.89;30;12439.355;3038.695;2452.416;213505.516;3;20;89.014;53.408;35.606;16.52;271.653;8
195;24;1;5684.89;30;8856.637;2542.075;2452.416;213505.516;3;20;89.014;53.408;35.606;16.52;191.158;8
196;24;1;5684.89;30;10162.894;3044.498;2452.416;213505.516;3;20;89.014;53.408;35.606;16.52;226.376;8
197;24;1;5684.89;30;10690.759;2523.772;2452.416;213505.516;3;20;89.014;53.408;35.606;16.52;226.375;8
198;24;1;5684.89;30;8280.947;2347.135;2452.416;213505.516;3;20;89.014;53.408;35.606;16.52;176.064;8
199;24;1;5684.89;30;7840.236;3065.088;2452.416;213505.516;3;20;89.014;53.408;35.606;16.52;181.092;8
200;24;1;5684.89;30;6961.205;3729.534;2452.416;213505.516;3;20;63.581;38.149;25.433;16.52;181.098;8
201;24;1;5684.89;30;5795.26;3348.255;2452.416;213505.516;3;20;63.581;38.149;25.433;16.52;150.907;8
202;13;1;2536.985;30;3555.081;1366.883;917.993;213505.516;3;20;87.743;52.646;35.097;14;166.988;5
203;13;1;2536.985;30;3838.149;1074.681;917.993;213505.516;3;20;87.743;52.646;35.097;14;166.986;5
204;13;1;2536.985;30;2580.488;998.661;917.993;213505.516;3;20;87.743;52.646;35.097;14;119.539;5
205;13;1;2536.985;30;3589.677;1325.732;917.993;213505.516;3;20;87.743;52.646;35.097;14;166.994;5
206;13;1;2536.985;30;3796.95;1117.066;917.993;213505.516;3;20;87.743;52.646;35.097;14;166.981;5
207;13;1;2536.985;30;2002.756;746.014;917.993;213505.516;3;20;87.743;52.646;35.097;14;90.806;5
208;13;1;2536.985;30;3477.065;1440.964;917.993;213505.516;3;20;87.743;52.646;35.097;14;166.985;5
209;13;1;2536.985;30;3673.983;1245.329;917.993;213505.516;3;20;87.743;52.646;35.097;14;166.981;5
210;13;1;2536.985;30;3796.95;1117.066;917.993;213505.516;3;20;87.743;52.646;35.097;14;166.981;5
211;13;1;2536.985;30;2002.756;746.014;917.993;213505.516;3;20;87.743;52.646;35.097;14;90.806;5
212;13;1;2536.985;30;3495.683;1321.734;527.924;213505.516;3;20;77.994;46.796;31.198;14;147.119;5
213;13;1;2536.985;30;3595.148;1223.002;527.924;213505.516;3;20;77.994;46.796;31.198;14;147.117;5
214;13;1;2536.985;30;3713.556;1099.02;527.924;213505.516;3;20;77.994;46.796;31.198;14;147.119;5
215;13;1;2536.985;30;2101.085;796.792;527.924;213505.516;3;20;77.994;46.796;31.198;14;80.058;5
216;13;1;2536.985;30;2574.453;973.413;527.924;213505.516;3;20;77.994;46.796;31.198;14;102.447;5
217;13;1;2536.985;30;2751.977;797.019;527.924;213505.516;3;20;77.994;46.796;31.198;14;102.442;5
218;13;1;2536.985;30;1785.545;671.269;527.924;213505.516;3;20;77.994;46.796;31.198;14;65.148;5
219;13;1;2536.985;25;1583.969;1472.546;527.924;181194.891;2.833;20;81.927;49.156;32.771;14;85.56;5
220;13;1;2536.985;25;1003.608;880.97;527.924;181194.891;2.833;20;81.927;49.156;32.771;14;46.374;5
221;13;1;2536.985;25;1487.354;1568.448;527.924;181194.891;2.833;20;81.927;49.156;32.771;14;85.577;5
222;13;1;2536.985;25;868.352;1014.963;527.924;181194.891;2.833;20;81.927;49.156;32.771;14;46.344;5
223;26;1;1181.952;30;1813.99;629.381;612.491;213505.516;3;20;41.877;25.126;16.751;15.16;181.561;7
224;26;1;1181.952;30;1934.542;502.69;612.491;213505.516;3;20;41.877;25.126;16.751;15.16;181.547;7
225;26;1;1181.952;30;1267.964;429.804;612.491;213505.516;3;20;41.877;25.126;16.751;15.16;125.589;7
226;26;1;1181.952;30;1880.114;566.214;612.491;213505.516;3;20;41.877;25.126;16.751;15.16;181.563;7
227;26;1;1181.952;30;1945.321;491.446;612.491;213505.516;3;20;41.877;25.126;16.751;15.16;181.552;7
228;26;1;1181.952;30;990.504;335.753;612.491;213505.516;3;20;41.877;25.126;16.751;15.16;98.297;7
229;26;1;1181.952;30;1891.205;554.429;612.491;213505.516;3;20;41.877;25.126;16.751;15.16;181.568;7
230;26;1;1181.952;30;1930.853;515.194;612.491;213505.516;3;20;41.877;25.126;16.751;15.16;181.565;7
231;26;1;1181.952;30;1945.321;491.446;612.491;213505.516;3;20;41.877;25.126;16.751;15.16;181.552;7
232;26;1;1181.952;30;990.504;335.753;612.491;213505.516;3;20;41.877;25.126;16.751;15.16;98.297;7
233;26;1;1181.952;30;1810.991;630.488;612.491;213505.516;3;20;41.877;25.126;16.751;15.16;181.545;7
234;26;1;1181.952;30;1857.928;583.96;612.491;213505.516;3;20;41.877;25.126;16.751;15.16;181.541;7
235;26;1;1181.952;30;1910.061;528.229;612.491;213505.516;3;20;41.877;25.126;16.751;15.16;181.536;7
236;26;1;1181.952;30;987.354;338.211;612.491;213505.516;3;20;41.877;25.126;16.751;15.16;98.293;7
237;26;1;1181.952;30;1401.681;487.989;612.491;213505.516;3;20;41.877;25.126;16.751;15.16;139.942;7
238;26;1;1181.952;30;1489.402;400.932;612.491;213505.516;3;20;41.877;25.126;16.751;15.16;139.932;7
239;26;1;1181.952;30;847.279;287.204;612.491;213505.516;3;20;41.877;25.126;16.751;15.16;84.462;7
240;26;1;1181.952;30;1104.566;505.942;612.491;213505.516;3;20;41.877;25.126;16.751;15.16;119.058;7
241;26;1;1181.952;30;536.032;205.122;612.491;213505.516;3;20;41.877;25.126;16.751;15.16;56.843;7
242;26;1;1181.952;30;937.674;599.636;612.491;213505.516;3;20;29.912;17.947;11.965;15.16;119.1;7
243;26;1;1181.952;30;399.718;279.847;612.491;213505.516;3;20;29.912;17.947;11.965;15.16;56.681;7
244;28;1;777.6;15;1896.373;372.744;855.124;114414.766;2.5;20;26.661;15.997;10.664;12.96;309.222;14
245;28;1;777.6;15;1896.373;372.744;855.124;114414.766;2.5;20;26.661;15.997;10.664;12.96;309.222;14
246;28;1;777.6;15;1873.241;373.482;855.124;114414.766;2.5;20;26.661;15.997;10.664;12.96;309.221;14
247;28;1;777.6;15;1317.807;317.292;855.124;114414.766;2.5;20;26.661;15.997;10.664;12.96;233.99;14
248;28;1;777.6;15;1896.373;372.744;855.124;114414.766;2.5;20;26.661;15.997;10.664;12.96;309.222;14
249;28;1;777.6;15;1896.373;372.744;855.124;114414.766;2.5;20;26.661;15.997;10.664;12.96;309.222;14
250;28;1;777.6;15;1873.241;373.482;855.124;114414.766;2.5;20;26.661;15.997;10.664;12.96;309.221;14
251;28;1;777.6;15;1079.104;259.819;855.124;114414.766;2.5;20;26.661;15.997;10.664;12.96;198.219;14
252;28;1;777.6;15;1896.373;372.744;855.124;114414.766;2.5;20;26.661;15.997;10.664;12.96;309.222;14
253;28;1;777.6;15;1896.373;372.744;855.124;114414.766;2.5;20;26.661;15.997;10.664;12.96;309.222;14
254;28;1;777.6;15;1873.241;373.482;855.124;114414.766;2.5;20;26.661;15.997;10.664;12.96;309.221;14
255;28;1;777.6;15;1079.104;259.819;855.124;114414.766;2.5;20;26.661;15.997;10.664;12.96;198.219;14
256;28;1;777.6;15;1896.373;372.744;855.124;114414.766;2.5;20;26.661;15.997;10.664;12.96;309.222;14
257;28;1;777.6;15;1896.373;372.744;855.124;114414.766;2.5;20;26.661;15.997;10.664;12.96;309.222;14
258;28;1;777.6;15;1386.234;276.384;855.124;114414.766;2.5;20;26.661;15.997;10.664;12.96;237.863;14
259;28;1;777.6;15;916.866;223.112;855.124;114414.766;2.5;20;26.661;15.997;10.664;12.96;174.433;14
260;28;1;777.6;15;1085.89;290.168;855.124;114414.766;2.5;20;26.661;15.997;10.664;12.96;202.184;14
261;28;1;777.6;15;948.229;202.932;855.124;114414.766;2.5;20;26.661;15.997;10.664;12.96;175.204;14
262;28;1;777.6;15;1008.627;367.787;855.124;114414.766;2.5;20;26.661;15.997;10.664;12.96;202.183;14
263;28;1;777.6;15;885.193;438.559;855.124;114414.766;2.5;20;19.044;11.426;7.617;12.96;202.183;14
264;28;1;777.6;15;865.212;459.55;855.124;114414.766;2.5;20;19.044;11.426;7.617;12.96;202.183;14
265;17;1;874.8;30;1180.177;350.876;522.072;213505.516;3;20;22.852;13.711;9.141;20.88;166.542;15
266;17;1;874.8;30;1235.477;289.509;522.072;213505.516;3;20;22.852;13.711;9.141;20.88;166.546;15
267;17;1;874.8;30;914.914;252.122;522.072;213505.516;3;20;22.852;13.711;9.141;20.88;128.925;15
268;17;1;874.8;30;1183.88;342.362;522.072;213505.516;3;20;22.852;13.711;9.141;20.88;166.551;15
269;17;1;874.8;30;1237.356;287.431;522.072;213505.516;3;20;22.852;13.711;9.141;20.88;166.547;15
270;17;1;874.8;30;694.502;179.516;522.072;213505.516;3;20;22.852;13.711;9.141;20.88;99.044;15
271;17;1;874.8;30;1168.902;358.591;522.072;213505.516;3;20;22.852;13.711;9.141;20.88;166.546;15
272;17;1;874.8;30;1215.586;312.588;522.072;213505.516;3;20;22.852;13.711;9.141;20.88;166.544;15
273;17;1;874.8;30;1237.356;287.431;522.072;213505.516;3;20;22.852;13.711;9.141;20.88;166.547;15
274;17;1;874.8;30;694.502;179.516;522.072;213505.516;3;20;22.852;13.711;9.141;20.88;99.044;15
275;17;1;874.8;30;1029.529;292.388;522.072;213505.516;3;20;20.313;12.188;8.125;20.88;147.036;15
276;17;1;874.8;30;1050.313;271.937;522.072;213505.516;3;20;20.313;12.188;8.125;20.88;147.035;15
277;17;1;874.8;30;1068.113;251.016;522.072;213505.516;3;20;20.313;12.188;8.125;20.88;147.037;15
278;17;1;874.8;30;585.843;155.95;522.072;213505.516;3;20;20.313;12.188;8.125;20.88;87.525;15
279;17;1;874.8;30;777.698;220.868;522.072;213505.516;3;20;20.313;12.188;8.125;20.88;113.578;15
280;17;1;874.8;30;815.31;183.816;522.072;213505.516;3;20;20.313;12.188;8.125;20.88;113.575;15
281;17;1;874.8;30;499.74;131.128;522.072;213505.516;3;20;20.313;12.188;8.125;20.88;76.369;15
282;17;1;874.8;25;509.885;227.457;522.072;181194.891;2.833;20;14.509;8.706;5.804;20.88;91.26;15
283;17;1;874.8;25;284.084;120.583;522.072;181194.891;2.833;20;14.509;8.706;5.804;20.88;57.748;15
284;17;1;874.8;25;490.089;246.688;522.072;181194.891;2.833;20;14.509;8.706;5.804;20.88;91.267;15
285;17;1;874.8;25;263.227;141.213;522.072;181194.891;2.833;20;14.509;8.706;5.804;20.88;57.733;15
286;21;1;1440.747;30;2241.774;703.345;361.708;213505.516;3;20;36.659;21.995;14.664;9.32;168.796;10
287;21;1;1440.747;30;2359.643;574.316;361.708;213505.516;3;20;36.659;21.995;14.664;9.32;168.796;10
288;21;1;1440.747;30;1707.586;503.194;361.708;213505.516;3;20;36.659;21.995;14.664;9.32;121.323;10
289;21;1;1440.747;30;2251.048;685.296;361.708;213505.516;3;20;36.659;21.995;14.664;9.32;168.797;10
290;21;1;1440.747;30;2358.896;575.134;361.708;213505.516;3;20;36.659;21.995;14.664;9.32;168.795;10
291;21;1;1440.747;30;1463.056;405.667;361.708;213505.516;3;20;36.659;21.995;14.664;9.32;99.548;10
292;21;1;1440.747;30;2215.916;723.033;361.708;213505.516;3;20;36.659;21.995;14.664;9.32;168.796;10
293;21;1;1440.747;30;2311.603;628.712;361.708;213505.516;3;20;36.659;21.995;14.664;9.32;168.796;10
294;21;1;1440.747;30;2358.896;575.134;361.708;213505.516;3;20;36.659;21.995;14.664;9.32;168.795;10
295;21;1;1440.747;30;1463.056;405.667;361.708;213505.516;3;20;36.659;21.995;14.664;9.32;99.548;10
296;21;1;1440.747;30;1999.912;602.251;361.708;213505.516;3;20;32.586;19.551;13.034;9.32;148.689;10
297;21;1;1440.747;30;2043.518;559.333;361.708;213505.516;3;20;32.586;19.551;13.034;9.32;148.689;10
298;21;1;1440.747;30;2083.437;513.45;361.708;213505.516;3;20;32.586;19.551;13.034;9.32;148.689;10
299;21;1;1440.747;30;1286.38;366.84;361.708;213505.516;3;20;32.586;19.551;13.034;9.32;87.69;10
300;21;1;1440.747;30;1864.787;561.56;361.708;213505.516;3;20;32.586;19.551;13.034;9.32;137.252;10
301;21;1;1440.747;30;1962.481;465.383;361.708;213505.516;3;20;32.586;19.551;13.034;9.32;137.251;10
302;21;1;1440.747;30;1244.095;349.945;361.708;213505.516;3;20;32.586;19.551;13.034;9.32;83.879;10
303;21;1;1440.747;25;1291.874;618.203;361.708;181194.891;2.833;20;23.275;13.965;9.31;9.32;108.655;10
304;21;1;1440.747;25;758.447;344.998;361.708;181194.891;2.833;20;23.275;13.965;9.31;9.32;57.186;10
305;21;1;1440.747;25;1239.228;669.2;361.708;181194.891;2.833;20;23.275;13.965;9.31;9.32;108.655;10
306;21;1;1440.747;25;698.467;404.694;361.708;181194.891;2.833;20;23.275;13.965;9.31;9.32;57.182;10
307;14;1;324.259;30;487.229;155.586;117.331;213505.516;3;20;14.768;8.861;5.907;14;163.597;5
308;14;1;324.259;30;514.018;126.637;117.331;213505.516;3;20;14.768;8.861;5.907;14;163.586;5
309;14;1;324.259;30;392.097;118.208;117.331;213505.516;3;20;14.768;8.861;5.907;14;127.597;5
310;14;1;324.259;30;489.601;151.574;117.331;213505.516;3;20;14.768;8.861;5.907;14;163.603;5
311;14;1;324.259;30;513.477;127.218;117.331;213505.516;3;20;14.768;8.861;5.907;14;163.585;5
312;14;1;324.259;30;309.08;87.797;117.331;213505.516;3;20;14.768;8.861;5.907;14;97.308;5
313;14;1;324.259;30;481.342;160.315;117.331;213505.516;3;20;14.768;8.861;5.907;14;163.594;5
314;14;1;324.259;30;502.619;139.288;117.331;213505.516;3;20;14.768;8.861;5.907;14;163.59;5
315;14;1;324.259;30;513.477;127.218;117.331;213505.516;3;20;14.768;8.861;5.907;14;163.585;5
316;14;1;324.259;30;309.08;87.797;117.331;213505.516;3;20;14.768;8.861;5.907;14;97.308;5
317;14;1;324.259;30;428.993;131.731;117.331;213505.516;3;20;13.127;7.876;5.251;14;144.432;5
318;14;1;324.259;30;438.562;122.286;117.331;213505.516;3;20;13.127;7.876;5.251;14;144.43;5
319;14;1;324.259;30;447.638;112.061;117.331;213505.516;3;20;13.127;7.876;5.251;14;144.424;5
320;14;1;324.259;30;266.052;77.681;117.331;213505.516;3;20;13.127;7.876;5.251;14;85.999;5
321;14;1;324.259;30;398.337;122.317;117.331;213505.516;3;20;13.127;7.876;5.251;14;133.482;5
322;14;1;324.259;30;419.699;101.225;117.331;213505.516;3;20;13.127;7.876;5.251;14;133.476;5
323;14;1;324.259;30;256.278;73.83;117.331;213505.516;3;20;13.127;7.876;5.251;14;82.359;5
324;14;1;324.259;25;264.619;129.602;117.331;181194.891;2.833;20;9.377;5.626;3.751;14;106.09;5
325;14;1;324.259;25;143.128;66.613;117.331;181194.891;2.833;20;9.377;5.626;3.751;14;56.785;5
326;14;1;324.259;25;253.739;140.229;117.331;181194.891;2.833;20;9.377;5.626;3.751;14;106.105;5
327;14;1;324.259;25;131.434;78.124;117.331;181194.891;2.833;20;9.377;5.626;3.751;14;56.748;5
328;15;1;1577.339;30;1969.046;745.373;570.751;213505.516;3;20;46.109;27.665;18.443;14;149.907;5
329;15;1;1577.339;30;2114.048;593.316;570.751;213505.516;3;20;46.109;27.665;18.443;14;149.905;5
330;15;1;1577.339;30;1580.321;582.484;570.751;213505.516;3;20;46.109;27.665;18.443;14;118.648;5
331;15;1;1577.339;30;1984.961;724.222;570.751;213505.516;3;20;46.109;27.665;18.443;14;149.916;5
332;15;1;1577.339;30;2100.869;607.071;570.751;213505.516;3;20;46.109;27.665;18.443;14;149.901;5
333;15;1;1577.339;30;1507.649;527.902;570.751;213505.516;3;20;46.109;27.665;18.443;14;111.54;5
334;15;1;1577.339;30;1933.459;777.534;570.751;213505.516;3;20;46.109;27.665;18.443;14;149.906;5
335;15;1;1577.339;30;2039.653;672.334;570.751;213505.516;3;20;46.109;27.665;18.443;14;149.901;5
336;15;1;1577.339;30;2100.869;607.071;570.751;213505.516;3;20;46.109;27.665;18.443;14;149.901;5
337;15;1;1577.339;30;1507.649;527.902;570.751;213505.516;3;20;46.109;27.665;18.443;14;111.54;5
338;15;1;1612;30;1765.644;647.335;583.293;213505.516;3;20;41.379;24.827;16.551;14;132.258;5
339;15;1;1612;30;1814.28;599.202;583.293;213505.516;3;20;41.379;24.827;16.551;14;132.255;5
340;15;1;1612;30;1866.936;542.593;583.293;213505.516;3;20;41.379;24.827;16.551;14;132.254;5
341;15;1;1612;30;1327.16;474.069;583.293;213505.516;3;20;41.379;24.827;16.551;14;98.461;5
342;15;1;1826.877;30;1464.2;807.169;661.045;213505.516;3;20;44.108;26.465;17.643;14;110.683;5
343;15;1;1826.877;30;1539.184;732.741;661.045;213505.516;3;20;44.108;26.465;17.643;14;110.677;5
344;15;1;1826.877;30;1201.435;571.953;661.045;213505.516;3;20;44.108;26.465;17.643;14;86.5;5
345;15;1;1858.176;25;1396.44;821.847;672.37;181194.891;2.833;20;31.775;19.065;12.71;14;110.767;5
346;15;1;1858.176;25;689.969;385.001;672.37;181194.891;2.833;20;31.775;19.065;12.71;14;56.345;5
347;15;1;1858.176;25;1331.706;885.313;672.37;181194.891;2.833;20;31.775;19.065;12.71;14;110.779;5
348;15;1;1858.176;25;622.985;451.216;672.37;181194.891;2.833;20;31.775;19.065;12.71;14;56.319;5
349;38;1;980.784;15;3668.496;812.173;399.833;114414.766;2.5;20;38.471;23.083;15.388;9.52;314.118;3
350;38;1;980.784;15;3668.496;812.173;399.833;114414.766;2.5;20;38.471;23.083;15.388;9.52;314.118;3
351;38;1;980.784;15;3642.146;796.194;399.833;114414.766;2.5;20;38.471;23.083;15.388;9.52;314.123;3
352;38;1;980.784;15;2599.595;735.006;399.833;114414.766;2.5;20;38.471;23.083;15.388;9.52;232.196;3
353;38;1;980.784;15;3668.496;812.173;399.833;114414.766;2.5;20;38.471;23.083;15.388;9.52;314.118;3
354;38;1;980.784;15;3668.496;812.173;399.833;114414.766;2.5;20;38.471;23.083;15.388;9.52;314.118;3
355;38;1;980.784;15;3642.146;796.194;399.833;114414.766;2.5;20;38.471;23.083;15.388;9.52;314.123;3
356;38;1;980.784;15;2271.402;642.214;399.833;114414.766;2.5;20;38.471;23.083;15.388;9.52;201.454;3
357;38;1;980.784;15;3668.496;812.173;399.833;114414.766;2.5;20;38.471;23.083;15.388;9.52;314.118;3
358;38;1;980.784;15;3668.496;812.173;399.833;114414.766;2.5;20;38.471;23.083;15.388;9.52;314.118;3
359;38;1;980.784;15;3642.146;796.194;399.833;114414.766;2.5;20;38.471;23.083;15.388;9.52;314.123;3
360;38;1;980.784;15;2271.402;642.214;399.833;114414.766;2.5;20;38.471;23.083;15.388;9.52;201.454;3
361;38;1;980.784;15;3668.496;812.173;399.833;114414.766;2.5;20;38.471;23.083;15.388;9.52;314.118;3
362;38;1;980.784;15;3668.496;812.173;399.833;114414.766;2.5;20;38.471;23.083;15.388;9.52;314.118;3
363;38;1;980.784;15;3642.146;796.194;399.833;114414.766;2.5;20;38.471;23.083;15.388;9.52;314.123;3
364;38;1;980.784;15;2264.921;646.792;399.833;114414.766;2.5;20;38.471;23.083;15.388;9.52;201.454;3
365;38;1;980.784;15;2757.757;855.822;399.833;114414.766;2.5;20;38.471;23.083;15.388;9.52;251.906;3
366;38;1;980.784;15;1697.381;413.157;399.833;114414.766;2.5;20;38.471;23.083;15.388;9.52;142.696;3
367;38;1;980.784;15;2094.881;880.732;399.833;114414.766;2.5;20;38.471;23.083;15.388;9.52;205.475;3
368;38;1;980.784;15;1281.799;744.95;399.833;114414.766;2.5;20;27.479;16.488;10.992;9.52;142.714;3
369;38;1;980.784;15;1243.555;784.547;399.833;114414.766;2.5;20;27.479;16.488;10.992;9.52;142.713;3
370;39;1;206.388;15;856.719;195.486;84.138;114414.766;2.5;20;12.103;7.262;4.841;9.52;343.855;3
371;39;1;206.388;15;856.719;195.486;84.138;114414.766;2.5;20;12.103;7.262;4.841;9.52;343.855;3
372;39;1;206.388;15;852.888;190.644;84.138;114414.766;2.5;20;12.103;7.262;4.841;9.52;343.859;3
373;39;1;206.388;15;608.596;179.347;84.138;114414.766;2.5;20;12.103;7.262;4.841;9.52;254.158;3
374;39;1;206.388;15;856.719;195.486;84.138;114414.766;2.5;20;12.103;7.262;4.841;9.52;343.855;3
375;39;1;206.388;15;856.719;195.486;84.138;114414.766;2.5;20;12.103;7.262;4.841;9.52;343.855;3
376;39;1;206.388;15;852.888;190.644;84.138;114414.766;2.5;20;12.103;7.262;4.841;9.52;343.859;3
377;39;1;206.388;15;533.315;157.162;84.138;114414.766;2.5;20;12.103;7.262;4.841;9.52;220.498;3
378;39;1;206.388;15;856.719;195.486;84.138;114414.766;2.5;20;12.103;7.262;4.841;9.52;343.855;3
379;39;1;206.388;15;856.719;195.486;84.138;114414.766;2.5;20;12.103;7.262;4.841;9.52;343.855;3
380;39;1;206.388;15;852.888;190.644;84.138;114414.766;2.5;20;12.103;7.262;4.841;9.52;343.859;3
381;39;1;206.388;15;533.315;157.162;84.138;114414.766;2.5;20;12.103;7.262;4.841;9.52;220.498;3
382;39;1;206.388;15;856.719;195.486;84.138;114414.766;2.5;20;12.103;7.262;4.841;9.52;343.855;3
383;39;1;206.388;15;856.719;195.486;84.138;114414.766;2.5;20;12.103;7.262;4.841;9.52;343.855;3
384;39;1;206.388;15;852.888;190.644;84.138;114414.766;2.5;20;12.103;7.262;4.841;9.52;343.859;3
385;39;1;206.388;15;531.838;158.25;84.138;114414.766;2.5;20;12.103;7.262;4.841;9.52;220.498;3
386;39;1;206.388;15;659.812;192.557;84.138;114414.766;2.5;20;12.103;7.262;4.841;9.52;275.74;3
387;39;1;206.388;15;402.888;101.306;84.138;114414.766;2.5;20;12.103;7.262;4.841;9.52;156.168;3
388;39;1;206.388;15;490.955;213.545;84.138;114414.766;2.5;20;12.103;7.262;4.841;9.52;224.901;3
389;39;1;206.388;15;300.107;181.163;84.138;114414.766;2.5;20;8.645;5.187;3.458;9.52;156.19;3
390;39;1;206.388;15;290.532;191.009;84.138;114414.766;2.5;20;8.645;5.187;3.458;9.52;156.189;3
391;10;1;2536.985;30;3555.081;1366.883;917.993;213505.516;3;20;87.743;52.646;35.097;14;166.988;5
392;10;1;2536.985;30;3838.149;1074.681;917.993;213505.516;3;20;87.743;52.646;35.097;14;166.986;5
393;10;1;2536.985;30;3589.677;1325.732;917.993;213505.516;3;20;87.743;52.646;35.097;14;166.994;5
394;10;1;2536.985;30;3796.95;1117.066;917.993;213505.516;3;20;87.743;52.646;35.097;14;166.981;5
395;10;1;2536.985;30;2182.136;812.832;917.993;213505.516;3;20;87.743;52.646;35.097;14;99.267;5
396;10;1;2536.985;30;3673.983;1245.329;917.993;213505.516;3;20;87.743;52.646;35.097;14;166.981;5
397;10;1;2536.985;30;3796.95;1117.066;917.993;213505.516;3;20;87.743;52.646;35.097;14;166.981;5
398;10;1;2536.985;30;2182.136;812.832;917.993;213505.516;3;20;87.743;52.646;35.097;14;99.267;5
399;10;1;2536.985;30;3495.683;1321.734;527.924;213505.516;3;20;77.994;46.796;31.198;14;147.119;5
400;10;1;2536.985;30;3713.556;1099.02;527.924;213505.516;3;20;77.994;46.796;31.198;14;147.119;5
401;10;1;2536.985;30;2259.136;856.729;527.924;213505.516;3;20;77.994;46.796;31.198;14;87.513;5
402;10;1;2536.985;30;3267.173;1235.333;527.924;213505.516;3;20;77.994;46.796;31.198;14;135.954;5
403;10;1;2536.985;25;1918.034;1783.113;527.924;181194.891;2.833;20;81.927;49.156;32.771;14;107.928;5
404;10;1;2536.985;25;1800.882;1899.071;527.924;181194.891;2.833;20;81.927;49.156;32.771;14;107.941;5
405;10;1;2536.985;25;1026.676;1200.019;527.924;181194.891;2.833;20;81.927;49.156;32.771;14;57.547;5
406;11;1;324.259;30;487.229;155.586;117.331;213505.516;3;20;14.768;8.861;5.907;14;163.597;5
407;11;1;324.259;30;514.018;126.637;117.331;213505.516;3;20;14.768;8.861;5.907;14;163.586;5
408;11;1;324.259;30;410.844;123.86;117.331;213505.516;3;20;14.768;8.861;5.907;14;134.207;5
409;11;1;324.259;30;489.601;151.574;117.331;213505.516;3;20;14.768;8.861;5.907;14;163.603;5
410;11;1;324.259;30;513.477;127.218;117.331;213505.516;3;20;14.768;8.861;5.907;14;163.585;5
411;11;1;324.259;30;309.08;87.797;117.331;213505.516;3;20;14.768;8.861;5.907;14;97.308;5
412;11;1;324.259;30;481.342;160.315;117.331;213505.516;3;20;14.768;8.861;5.907;14;163.594;5
413;11;1;324.259;30;502.619;139.288;117.331;213505.516;3;20;14.768;8.861;5.907;14;163.59;5
414;11;1;324.259;30;513.477;127.218;117.331;213505.516;3;20;14.768;8.861;5.907;14;163.585;5
415;11;1;324.259;30;309.08;87.797;117.331;213505.516;3;20;14.768;8.861;5.907;14;97.308;5
416;11;1;324.259;30;428.993;131.731;117.331;213505.516;3;20;13.127;7.876;5.251;14;144.432;5
417;11;1;324.259;30;438.562;122.286;117.331;213505.516;3;20;13.127;7.876;5.251;14;144.43;5
418;11;1;324.259;30;447.638;112.061;117.331;213505.516;3;20;13.127;7.876;5.251;14;144.424;5
419;11;1;324.259;30;266.052;77.681;117.331;213505.516;3;20;13.127;7.876;5.251;14;85.999;5
420;11;1;324.259;30;398.337;122.317;117.331;213505.516;3;20;13.127;7.876;5.251;14;133.482;5
421;11;1;324.259;30;419.699;101.225;117.331;213505.516;3;20;13.127;7.876;5.251;14;133.476;5
422;11;1;324.259;30;256.278;73.83;117.331;213505.516;3;20;13.127;7.876;5.251;14;82.359;5
423;11;1;324.259;25;264.619;129.602;117.331;181194.891;2.833;20;9.377;5.626;3.751;14;106.09;5
424;11;1;324.259;25;253.739;140.229;117.331;181194.891;2.833;20;9.377;5.626;3.751;14;106.105;5
425;11;1;324.259;25;131.434;78.124;117.331;181194.891;2.833;20;9.377;5.626;3.751;14;56.748;5
426;29;1;980.784;15;3668.496;812.173;399.833;114414.766;2.5;20;38.471;23.083;15.388;9.52;314.118;3
427;29;1;980.784;15;3668.496;812.173;399.833;114414.766;2.5;20;38.471;23.083;15.388;9.52;314.118;3
428;29;1;980.784;15;3642.146;796.194;399.833;114414.766;2.5;20;38.471;23.083;15.388;9.52;314.123;3
429;29;1;980.784;15;2599.595;735.006;399.833;114414.766;2.5;20;38.471;23.083;15.388;9.52;232.196;3
430;29;1;980.784;15;3668.496;812.173;399.833;114414.766;2.5;20;38.471;23.083;15.388;9.52;314.118;3
431;29;1;980.784;15;3668.496;812.173;399.833;114414.766;2.5;20;38.471;23.083;15.388;9.52;314.118;3
432;29;1;980.784;15;3642.146;796.194;399.833;114414.766;2.5;20;38.471;23.083;15.388;9.52;314.123;3
433;29;1;980.784;15;2271.402;642.214;399.833;114414.766;2.5;20;38.471;23.083;15.388;9.52;201.454;3
434;29;1;980.784;15;3668.496;812.173;399.833;114414.766;2.5;20;38.471;23.083;15.388;9.52;314.118;3
435;29;1;980.784;15;3668.496;812.173;399.833;114414.766;2.5;20;38.471;23.083;15.388;9.52;314.118;3
436;29;1;980.784;15;3642.146;796.194;399.833;114414.766;2.5;20;38.471;23.083;15.388;9.52;314.123;3
437;29;1;980.784;15;2271.402;642.214;399.833;114414.766;2.5;20;38.471;23.083;15.388;9.52;201.454;3
438;29;1;980.784;15;3668.496;812.173;399.833;114414.766;2.5;20;38.471;23.083;15.388;9.52;314.118;3
439;29;1;980.784;15;3668.496;812.173;399.833;114414.766;2.5;20;38.471;23.083;15.388;9.52;314.118;3
440;29;1;980.784;15;3642.146;796.194;399.833;114414.766;2.5;20;38.471;23.083;15.388;9.52;314.123;3
441;29;1;980.784;15;2264.921;646.792;399.833;114414.766;2.5;20;38.471;23.083;15.388;9.52;201.454;3
442;29;1;980.784;15;2757.757;855.822;399.833;114414.766;2.5;20;38.471;23.083;15.388;9.52;251.906;3
443;29;1;980.784;15;1697.381;413.157;399.833;114414.766;2.5;20;38.471;23.083;15.388;9.52;142.696;3
444;29;1;980.784;15;2094.881;880.732;399.833;114414.766;2.5;20;38.471;23.083;15.388;9.52;205.475;3
445;29;1;980.784;15;1281.799;744.95;399.833;114414.766;2.5;20;27.479;16.488;10.992;9.52;142.714;3
446;29;1;980.784;15;1243.555;784.547;399.833;114414.766;2.5;20;27.479;16.488;10.992;9.52;142.713;3
447;30;1;206.388;15;856.719;195.486;84.138;114414.766;2.5;20;12.103;7.262;4.841;9.52;343.855;3
448;30;1;206.388;15;856.719;195.486;84.138;114414.766;2.5;20;12.103;7.262;4.841;9.52;343.855;3
449;30;1;206.388;15;852.888;190.644;84.138;114414.766;2.5;20;12.103;7.262;4.841;9.52;343.859;3
450;30;1;206.388;15;608.596;179.347;84.138;114414.766;2.5;20;12.103;7.262;4.841;9.52;254.158;3
451;30;1;206.388;15;856.719;195.486;84.138;114414.766;2.5;20;12.103;7.262;4.841;9.52;343.855;3
452;30;1;206.388;15;856.719;195.486;84.138;114414.766;2.5;20;12.103;7.262;4.841;9.52;343.855;3
453;30;1;206.388;15;852.888;190.644;84.138;114414.766;2.5;20;12.103;7.262;4.841;9.52;343.859;3
454;30;1;206.388;15;533.315;157.162;84.138;114414.766;2.5;20;12.103;7.262;4.841;9.52;220.498;3
455;30;1;206.388;15;856.719;195.486;84.138;114414.766;2.5;20;12.103;7.262;4.841;9.52;343.855;3
456;30;1;206.388;15;856.719;195.486;84.138;114414.766;2.5;20;12.103;7.262;4.841;9.52;343.855;3
457;30;1;206.388;15;852.888;190.644;84.138;114414.766;2.5;20;12.103;7.262;4.841;9.52;343.859;3
458;30;1;206.388;15;533.315;157.162;84.138;114414.766;2.5;20;12.103;7.262;4.841;9.52;220.498;3
459;30;1;206.388;15;856.719;195.486;84.138;114414.766;2.5;20;12.103;7.262;4.841;9.52;343.855;3
460;30;1;206.388;15;856.719;195.486;84.138;114414.766;2.5;20;12.103;7.262;4.841;9.52;343.855;3
461;30;1;206.388;15;852.888;190.644;84.138;114414.766;2.5;20;12.103;7.262;4.841;9.52;343.859;3
462;30;1;206.388;15;531.838;158.25;84.138;114414.766;2.5;20;12.103;7.262;4.841;9.52;220.498;3
463;30;1;206.388;15;644.539;207.623;84.138;114414.766;2.5;20;12.103;7.262;4.841;9.52;275.74;3
464;30;1;206.388;15;402.888;101.306;84.138;114414.766;2.5;20;12.103;7.262;4.841;9.52;156.168;3
465;30;1;206.388;15;490.955;213.545;84.138;114414.766;2.5;20;12.103;7.262;4.841;9.52;224.901;3
466;30;1;206.388;15;300.107;181.163;84.138;114414.766;2.5;20;8.645;5.187;3.458;9.52;156.19;3
467;30;1;206.388;15;290.532;191.009;84.138;114414.766;2.5;20;8.645;5.187;3.458;9.52;156.189;3
468;20;1;5460.696;25;3612.247;1797.07;1390.25;181194.891;2.833;20;64.083;38.45;25.633;17.92;58.159;11
469;10;1;2536.985;30;2677.361;1036.152;917.993;213505.516;3;20;87.743;52.646;35.097;14;124.244;5
470;10;1;2536.985;30;3477.065;1440.964;917.993;213505.516;3;20;87.743;52.646;35.097;14;166.985;5
471;10;1;2536.985;30;2186.368;821.957;527.924;213505.516;3;20;77.994;46.796;31.198;14;83.785;5
472;11;1;324.259;25;143.128;66.613;117.331;181194.891;2.833;20;9.377;5.626;3.751;14;56.785;5
473;10;1;2536.985;30;3595.148;1223.002;527.924;213505.516;3;20;77.994;46.796;31.198;14;147.117;5
474;10;1;2536.985;30;3492.61;1011.518;527.924;213505.516;3;20;77.994;46.796;31.198;14;135.95;5
475;24;1;5684.89;30;7023.424;2315.567;2452.416;213505.516;3;20;89.014;53.408;35.606;16.52;150.902;8
476;10;1;2536.985;25;1186.384;1041.411;527.924;181194.891;2.833;20;81.927;49.156;32.771;14;57.569;5
